sound,pronunciation,native,language,meaning
GOOD,xEmth~HvEva,შემთხვევა,georgian,accident/chance
gg,hi#gg,ህግ,amharic,a law
GOOD,t!i#bUb,ጥበብ,amharic,ability/skill
GOOD,ruttx!a,ሩጫ,amharic,act of running
GOOD,t!Ukur,ጥቁር,amharic,black
GOOD,t!ub,ጡብ,amharic,brick/tile
GOOD,di#mmUt,ድመት,amharic,cat
GOOD,mi#rtx!a,ምርጫ,amharic,choice/option
GOOD,t!at,ጣት,amharic,finger
GOOD,gw~addUnny~a,ጓደኛ,amharic,friend
GOOD,t!ena,ጤና,amharic,health
k!,k!i#^t!i#l,ቅጠል,amharic,leaf
GOOD,txy~UrUk!a,ጨረቃ,amharic,moon
GOOD,tx!Uw,ጨው,amharic,salt
GOOD,tx!i#nk!i#llat,ጭንቅላት,amharic,skull
GOOD,tx!i#s,ጭስ,amharic,smoke
O,kObob,ኮኮብ,amharic,star
GOOD,ts!Uhay,ፀሐይ,amharic,sun
GOOD,bUt!a^t!is,በጣጢስ,amharic,sweet potato
GOOD,t!UrU^pp!eza,ጠረጴዛ,amharic,table
GOOD,yi#hi#ttx,ይህች,amharic,this
GOOD,t!Utt!a,ጠጣ,amharic,to drink
i#,muxi#rra,ሙሽራ,amharic,wedder
GOOD,bi#tx!a,ብጫ,amharic,yellow
GOOD,ph~I_txI,piishi,apache (western),(bird) swallow
GOOD,txI-txI-l,chíchʼil,apache (western),acorn
GOOD,ntE+,ndé,apache (western),apache
GOOD,mE&',méʼ,apache (western),baby
GOOD,ntxo&',nchǫʼ,apache (western),bad
GOOD,Isa+SIkh~aI,isáłigai,apache (western),bald eagle
GOOD,djo_SE+,joołé,apache (western),ball
GOOD,yo_,yoo,apache (western),bead
GOOD,xax,shash,apache (western),bear
GOOD,txh~a_,chaa,apache (western),beaver
GOOD,kosnIH,gosnih,apache (western),bee/honey
GOOD,IGa+l,ighál,apache (western),bells
GOOD,pI-k,big,apache (western),belly
GOOD,HItla&_HI+,hidląąhí,apache (western),beverage
GOOD,ntxa+_,nchaa,apache (western),big/large
GOOD,tSo&+',dlǫ́ʼ,apache (western),bird
GOOD,kozlI&_yE,gozlįįye,apache (western),birthplace
GOOD,tI-ShI-S,dɪ̀ɬhɪ̀ɬ,apache (western),black
GOOD,tIS,dił,apache (western),blood
GOOD,djE&+_'I,ję́ę́ʼi,apache (western),blue jay
GOOD,tsI&na'ESI+,tsinaʼeełí,apache (western),boat
GOOD,naStsh~o_s,nałtsoos,apache (western),book/paper
GOOD,tsE-h~ntxo+',tsénchóʼ,apache (western),boulder
GOOD,ISth~I&+'tsh~I&+H,iłtį́ʼtsį́h,apache (western),bow
GOOD,pItIth~lIt,biditlid,apache (western),brand
GOOD,th~a+wo-x,táwosh,apache (western),bubble
GOOD,to_lE+,doolé,apache (western),butterly
GOOD,nkh~EkoXEn'a&+a&+ko,nkegohenʼą́ą́go,apache (western),calm
GOOD,tE'toldjE+_t,deʼdoljééd,apache (western),campfire
GOOD,hI-Swo+_j,hilwozh,apache (western),canyon
GOOD,ISth~I+'kh~e_,iłdíʼgee,apache (western),center
GOOD,ko-tx!I-th~a-S,gochʼitał,apache (western),ceremony
GOOD,SEt'e_x,łetʼeesh,apache (western),charcoal
GOOD,nant'a+n,nantʼán,apache (western),chief/boss/king
GOOD,na+konEtx'I_tI,nágonechʼiidi,apache (western),cicada
GOOD,natIk'a&,nadikʼą,apache (western),cloth
GOOD,tutISHISI,tudiłhiłi,apache (western),coffee
GOOD,nata&+,nadą́ʼ,apache (western),corn
GOOD,mpa+,mbá,apache (western),coyote
GOOD,ka_kE+,gaagé,apache (western),crow
GOOD,nyE+_,nyeeʼ,apache (western),difficult
GOOD,na_l'E_SI+,naalʼeełí,apache (western),duck animal
GOOD,dja_sI+la+xa+,jaasíláhá,apache (western),earings
GOOD,yIya&_,yiyąą,apache (western),eat
GOOD,o&+'a+_,ǫ́ʼáá,apache (western),evening
GOOD,th~'a_h,tʼaah,apache (western),father
GOOD,So+k,łóg,apache (western),fish
GOOD,tI&+_'I,dį́į́'i,apache (western),four
GOOD,Ga,gha,apache (western),fox
GOOD,tlo&'ixtSh~oHE+,dlǫʼishtłohé,apache (western),frog
GOOD,'I-Ga-_,ighaa,apache (western),fur
GOOD,yo+_sn,yóósn,apache (western),god
GOOD,na'ItS'I+_kI+,naʼitłʼíígí,apache (western),gopher
GOOD,na-'txh~a-kI-,naʼchagi,apache (western),grasshopper
GOOD,SIpa+_'I+,łibáá’í,apache (western),gray
GOOD,toth~S'IjIHI+_,dotłʼizhihíí,apache (western),green/blue
GOOD,yItIts'I&H,yidits’įh,apache (western),hear
GOOD,o'I'a+n,oʼiʼán,apache (western),hole
GOOD,kowa&H,gowąh,apache (western),home
GOOD,taHa,daha,apache (western),hurry
GOOD,th~apa&_jIte,taba̜a̜zhide,apache (western),kingfisher
GOOD,pE+x,besh,apache (western),knife
GOOD,na'Ixo&+',naʼishǫ́ʼ,apache (western),lizard
GOOD,ntEE+n,ndeeń,apache (western),man
GOOD,IzE+,izee,apache (western),medicine
GOOD,nataH,nadah,apache (western),mescal
GOOD,tS'e+'kona'a+I+,tłʼéʼgonaʼáí,apache (western),moon
GOOD,pa&_,bąą,apache (western),mother
GOOD,tsIS,dził,apache (western),mountain
GOOD,Ith~'ox,itʼoh,apache (western),nest
GOOD,sa+_nts'o&+sE,sáánts’ǫ́sé,apache (western),new moon
GOOD,toHath~'e_ta,dohatʼeeda,apache (western),nothing
GOOD,tSh~a+t,tłád,apache (western),oil
GOOD,taSaa+,dałaá,apache (western),one
GOOD,E'Ilza_,eʼilzaa,apache (western),picture
GOOD,kozs'a+_ke,gozsʼa̜a̜ge,apache (western),place
GOOD,tS!ox,tłʼoh,apache (western),plants
GOOD,tahszI+nE+,dahszíné,apache (western),porcupine
GOOD,'okh~a&_XI+,ʼokąąhí,apache (western),prayer
GOOD,dja+_di+,jaadi,apache (western),pronghorn
GOOD,HaxpItI+,hashbidí,apache (western),quail
GOOD,tulI&,tulį,apache (western),raccoon
GOOD,SItxh~I+_,łichíí,apache (western),red
GOOD,tupa&_yu+,tubąąyú,apache (western),riverbank
GOOD,tsh~E+_,tséé,apache (western),rock
GOOD,sI-k,sig,apache (western),scar
GOOD,yo'I&_,yo’įį,apache (western),see
GOOD,IyIkE+,iyigéʼ,apache (western),seed
GOOD,tS'o+k'a-',tlʼókʼaʼ,apache (western),shaft of arrow
GOOD,tItSh~It,ditłid,apache (western),shaky
GOOD,kh~E_,kee,apache (western),shoe
GOOD,Ha'th~o'a_S,ha’do’aał,apache (western),sing
GOOD,ya_',yaaʼ,apache (western),sky
GOOD,tS'I_x,tłʼiish,apache (western),snake
GOOD,zas,zas,apache (western),snow
GOOD,Ixkh~I_nHn,ishkiinhn,apache (western),son
GOOD,na'IStsh~o+X,na'iłtsóh,apache (western),squirrel
GOOD,kh~u_Ga+,kuughá,apache (western),teepee
GOOD,a+Xo,áho,apache (western),thank you
GOOD,oyE_S,oyeeł,apache (western),to carry
GOOD,nawoSkh~a_tI,nawołkaadi,apache (western),warrior
GOOD,th~u+,tú,apache (western),water
GOOD,th~u+na+lI&+_',túnálį́į́’,apache (western),waterfall
GOOD,SI+kai,łigai,apache (western),white
GOOD,pa'txh~o,ba'cho,apache (western),wolf
GOOD,Iztsa+n,izdzán,apache (western),woman
GOOD,txh~Ij,chizh,apache (western),wood
GOOD,SIth~sok,łitsog,apache (western),yellow
hh,hhayawa_n,حيوان,arabic,animal
GOOD,Cq~aby,ظبي,arabic,antelope
tQ,tq~ayr,طير,arabic,birds
GOOD,naQi_m,نعيم,arabic,bliss
GOOD,QiCq~a_m,عظام,arabic,bones
sQ,sq~abiyy,صبي,arabic,boy
GOOD,Gusq~n,غصن,arabic,branch (of a tree)
hh,hha_fila,حافلة,arabic,bus
GOOD,Kafasq~,قفص,arabic,cage
GOOD,Kittq~a,قطة,arabic,cat
GOOD,fahhasq~a,فحص,arabic,check up
GOOD,tq~abba_H,طباخ,arabic,chef
GOOD,tq~ifl,طفل,arabic,child
GOOD,sahha_ba,سحابة,arabic,cloud
GOOD,QunKu_d,عنقود,arabic,cluster
G,Gura_b,غراب,arabic,crow
G,Gaza_l,غزال,arabic,deer
sQ,sq~ahhra_',صحراء,arabic,desert
GOOD,'ila_hiyy,إلهي,arabic,divine
hh,hhima_r,حمار,arabic,donkey
GOOD,al'ardq~,الأرض,arabic,earth
GOOD,naCCq~a_ra,نظارة,arabic,eyeglasses
sQ,sq~aqr,صقر,arabic,falcon
GOOD,mazraQa,مزرعة,arabic,farm
GOOD,'isq~baQ,إصبع,arabic,finger
dQ,dq~aba_b,ضباب,arabic,fog
tQ,tq~aQa_m,طعام,arabic,food
G,Ga_ba,غابة,arabic,forest
Q,caQlab,ثعلب,arabic,fox
dQ,dq~ifdiQ,ضفدع,arabic,frog
hh,hhadi_Ka,حديقة,arabic,garden
GOOD,sq~amG,صمغ,arabic,glue
GOOD,Qinab,عنب,arabic,grape
GOOD,'aHdq~ar,أخضر,arabic,green
hh,hhisq~a_n,حصان,arabic,horse
GOOD,Qasq~i_r,عصير,arabic,juice
GOOD,mifta_hh,مفتاح,arabic,key
GOOD,matq~bax,مطبخ,arabic,kitchen
GOOD,tq~a_baK,طابق,arabic,large brick/tile
GOOD,raGi_f,رغيف,arabic,loaf
GOOD,Hattq~a,خط,arabic,luck
GOOD,miGna_tq~i_s,مغناطيس,arabic,magnet
GOOD,Qadq~ala,عضلة,arabic,muscle
GOOD,'uHtq~ubu_tq~,أخطبوط,arabic,octopus
GOOD,midq~rab,مضرب,arabic,paddle
GOOD,naHla,نخلة,arabic,palm tree
GOOD,djanna,جنة,arabic,paradise
GOOD,HawH,خوخ,arabic,peach (fruit)
GOOD,rumma_n,رمان,arabic,pomegranate
GOOD,'ahhmar,أحمر,arabic,red
GOOD,di_n,دين,arabic,religion
GOOD,mattq~a_tq~,مطاط,arabic,rubber
GOOD,Gali_Cq~,غليظ,arabic,rude
GOOD,milhh,ملح,arabic,salt
GOOD,Qaqrab,عقرب,arabic,scorpion
GOOD,fidq~dq~a,فضة,arabic,silver
GOOD,Qusq~fu_r,عصفور,arabic,sparrow (bird)
GOOD,milQaKa,ملعقة,arabic,spoon
GOOD,rabi_Q,ربيع,arabic,spring (season)
GOOD,Qasq~an,عصا,arabic,stick
GOOD,Gari_b,غريب,arabic,stranger
GOOD,Haytq~,خيط,arabic,string
GOOD,Qayyana,عين,arabic,to appoint
GOOD,Kawiya,قوي,arabic,to be strong/powerful
dQ,dq~awwa'a,ضوأ,arabic,to illuminate
GOOD,Qalima,علم,arabic,to know
GOOD,habba,حب,arabic,to love
GOOD,tafawwaKa,تفوق,arabic,to outperform
GOOD,sq~awifa,صوف,arabic,to produce wool
GOOD,lamaQa,لمع,arabic,to shine
GOOD,Cq~ami'a,ظمئ,arabic,to thirst
GOOD,Qasq~aba,عصب,arabic,to twist/wrap around
GOOD,xadjara,شجرة,arabic,tree
GOOD,maCq~alla,مظلة,arabic,umbrella
GOOD,sq~awt,صوت,arabic,voice
GOOD,Kamhh,قمح,arabic,wheat
GOOD,'abyadq~,أبيض,arabic,white
GOOD,Qa_m,عام,arabic,year
GOOD,'asq~far,أصفر,arabic,yellow
GOOD,pUyer'ca',ပရိသတ်,burmese,audience
GOOD,nE-za',နယ်စပ်,burmese,boundary
e-I,te-Iq,တိမ်,burmese,cloud
GOOD,ta+Iqpyi-,တိုင်းပြည်,burmese,country/kingdom
i+,mi+,မီး,burmese,fire
GOOD,na-Iqa-qdjy~a+,နိုင်ငံခြာ,burmese,foreign country
GOOD,th~UmI+qdjy~o#-,ထမင်း‌ကြော်,burmese,fried rice
i+,cI'ci+,သစ်သီး,burmese,fruit
GOOD,tUya+Cu-djy~i+,တရားသူကြီး,burmese,judge (person)
e-,mye-,မြေ,burmese,land
U,'UywE',အရွက်,burmese,leaf
a&,la&,လ,burmese,moon
a-O,ta-Oq,တောင်,burmese,mountain
GOOD,da+Oq,ဒေါင်း,burmese,peacock
o+,mo+,မိုး,burmese,rain
GOOD,to#-h~la-qye+,တော်လှန်ရေ,burmese,revolution
GOOD,pyI-qny~a-cI-qsh~u&,ပညာသင်ဆု,burmese,scholarship
I-,pI-qlE-,ပင်လယ်,burmese,sea
i&,'Usi&,အစေ့,burmese,seed
GOOD,te+ca-qxI-q,တေးသံရှင်,burmese,singer/vocalist
a+O,ka+OqgI-q,ကောင်းကင်,burmese,sky
E-,txy~E-,ကြယ်,burmese,star
aO,txy~aO',ကျောက်,burmese,stone
GOOD,tE'ka&be-da&,တက္ကဗေဒ,burmese,study of logic
e-,ne-,နေ,burmese,sun
GOOD,ne-ya-Oq,နေရောင်,burmese,sunshine
GOOD,ni+pyI-qny~a-,နည်းပညာ,burmese,technology
GOOD,ta+Oqba-q,တောင်းပန်,burmese,to apologize
GOOD,ne-ka+Oq,နေကောင်,burmese,to be well
a+O,pya+OqlE+,ပြောင်းလဲ,burmese,to change
aO,caO',သောက်,burmese,to drink
a+,sa+,စား,burmese,to eat
a-,pya-q,ပျံ,burmese,to fly
i&,xi&,ရှိ,burmese,to have
txy~,txy~a+,ကြား,burmese,to hear
txy~h~,txy~h~I',ချစ်,burmese,to love
oO,loO',လုပ်,burmese,to make
I-,myI-q,မြင်,burmese,to see
th~,th~a-Iq,ထိုင်,burmese,to sit
eI,'eI',အိပ်,burmese,to sleep
I+,sI+qza+,စဉ်းစား,burmese,to think
I-,cI'pI-q,သစ်ပင်,burmese,tree
e-,ye-,ရေ,burmese,water
GOOD,de-Iqdjy~I-q,ဒိန်ချဉ်,burmese,yogurt
GOOD,txy~h~i-i--i+n,昑,chinese,bright
GOOD,lii++nyu++u--txy~yA++n,淋浴间,chinese,shower room
GOOD,txy~yA-A--A+n,囝,chinese,child
GOOD,swe++i--HwU++txy~h~yUU++n,碎花裙,chinese,floral skirt
GOOD,pe++i--txy~i-i--i+qtxy~h~yaa++q,背景墙,chinese,background wall
GOOD,tsuu++txy~h~you++yyuA++n,足球员,chinese,soccer player
GOOD,ka++u++TXh~UU++qpU-U--U+n,高成本,chinese,high cost
GOOD,ka++a--q,戆,chinese,simple
GOOD,XO++O--pe++i--mii++qTXh~U++q,设备名称,chinese,device name
GOOD,pwo++lii++pe++i++,玻璃杯,chinese,glass
GOOD,txy~h~yuA++nXUU++nkyu++A--nTXu++u--,全神贯注,chinese,undivided attention
GOOD,rU++U--nwei++,认为,chinese,find
GOOD,TXh~waa++q,床,chinese,bed
GOOD,fe++i++TXh~aa++q,非常,chinese,extraordinary
GOOD,kh~wa++i--ti++i--ta++nHa++u--,快递单号,chinese,tracking number
GOOD,Xo-o--u+mUU++nyyuA++n,守门员,chinese,goalkeeper
GOOD,ka-a--u+xy~ya++u--ph~yA++A--n,搞笑片,chinese,funny movie
GOOD,Xi++i--ph~ii++ntxy~yA++nkh~O++O--q,视频监控,chinese,video surveillance
GOOD,fa++XU++q,发生,chinese,happen
GOOD,ta++nyyuA++nkOO++,单元格,chinese,cell
GOOD,ka++u++kU++nxy~yee++,高跟鞋,chinese,high heel
GOOD,waa++ntxy~h~yuA++n,完全,chinese,completely/fully
GOOD,TXi++ta++u--,知道,chinese,tell
GOOD,fU-U--U+nXwU++txy~ya++a--q,粉刷匠,chinese,painter
GOOD,txy~ya++u,教,chinese,religion
GOOD,pa-a--u+,宝,chinese,jewel
GOOD,Ha++u++,嚆,chinese,sound
GOOD,txy~ye-e--e+,毑,chinese,mother
GOOD,kh~waa++qfU++qpa++u--yu-u--u+,狂风暴雨,chinese,stormy
GOOD,mU++U--q,梦,chinese,dream
GOOD,txy~yA++A--nXU++nfaa++q,健身房,chinese,gym
GOOD,tyA++A--nyi-i--i+qmii++qxy~i++q,电影明星,chinese,movie star
GOOD,laa++n,岚,chinese,mist
GOOD,pi-i--i+txy~i++i--pU-U--U+n,笔记本,chinese,notebook
GOOD,fa++TXa-a--a+n,发展,chinese,develop
GOOD,xy~i++n,欣,chinese,happy
GOOD,pU++U--n,坋,chinese,dust
GOOD,th~yAA++n,屇,chinese,cave
GOOD,ph~aa++q,庬,chinese,huge
GOOD,ph~i++q,娉,chinese,graceful
GOOD,xy~i++nli-i--i+txy~yA++A--nkh~a++q,心理健康,chinese,mental health
GOOD,sU++n,森,chinese,forest
GOOD,kO++qtswo++o--pya-a--u+,工作表,chinese,worksheet
GOOD,we++i++,威,chinese,power
GOOD,me-e--i+txy~ya-a--a+Xi++,美甲师,chinese,manicurist
GOOD,pyA++A--nli++i--tyA++A--n,便利店,chinese,convenience store
GOOD,TXh~waa++qth~ou++kwe++i--,床头柜,chinese,bedside table
GOOD,wei++yyu++e++txy~i++n,违约金,chinese,liquidated damages
GOOD,kwa-a--a+q,犷,chinese,rough
GOOD,xy~ya++a--qph~ii++tsh~a++,橡皮擦,chinese,eraser
GOOD,txy~ya++uxy~yue++,教学,chinese,teach
GOOD,xy~ya++a--q,橡,chinese,oak
GOOD,th~au++,匋,chinese,pottery
GOOD,a++a--nla-a--a+pa++,按喇叭,chinese,horn
GOOD,th~ou++yi-i--i+qyii++,投影仪,chinese,projector
GOOD,txy~yee++kwo-o--o+,结果,chinese,result
GOOD,txy~h~ya++q,斨,chinese,axe
GOOD,txy~yA-A--A+ntxy~ii++Xi++i--ph~ii++n,剪辑视频,chinese,clip video
GOOD,txy~ya++,家,chinese,home
GOOD,tyA++A--nna-a--u+TXu-u--u+txy~i++,电脑主机,chinese,computer host
GOOD,li++i--txy~ya++utxy~h~yau++,立交桥,chinese,overpass
GOOD,kh~wa++i--,浍,chinese,drain
GOOD,xy~yo++u++,庥,chinese,protection
GOOD,XU++qmi++i--q,生命,chinese,breath
GOOD,tO++O--qHwU++U--ph~yA++A--n,动画片,chinese,cartoon
GOOD,ya-a--a+ntxy~i++i--qkh~wa++a--q,眼镜框,chinese,glasses frames
GOOD,Hwo-o--o+TXh~O++si++txy~i++,火车司机,chinese,train driver
GOOD,pwo++lii++txy~h~yau++,玻璃桥,chinese,glass bridge
GOOD,mii++n,旻,chinese,heaven
GOOD,ka++q,冈,chinese,ridge
GOOD,kh~a-a--a+n,坎,chinese,pit
GOOD,tyA++A--nfU++qXa++a--n,电风扇,chinese,electric fan
GOOD,xy~yO++q,兄,chinese,elder brother
GOOD,fuu++TXwa++qXO++O--txy~i++i--,服装设计,chinese,fashion design
GOOD,txy~yo-o--u+,玖,chinese,black jade
GOOD,ya++n,啱,chinese,correct
GOOD,tO++O--q,湩,chinese,milk
GOOD,XU++qri++i--wu-u--u+Hwe++i--,生日舞会,chinese,birthday party
GOOD,TXh~aa++pe++i++tyA++A--n,茶杯垫,chinese,tea coaster
GOOD,tsa-a--u+Xwe++i--tsa-a--u+txy~h~i-i--i+,早睡早起,chinese,go to bed early
GOOD,lyau++,嫽,chinese,good
GOOD,XUU++ntxy~i++qxy~i++i--th~O-O--O+q,神经系统,chinese,nervous system
GOOD,xy~i-i--i+Xo-o--u+TXh~ii++,洗手池,chinese,washbasin
GOOD,TXh~u++u--li-i--i+wU++U--nth~ii++,处理问题,chinese,solving issues
GOOD,txy~h~you++,厹,chinese,spear
GOOD,kh~wa++a--qtxy~h~yuA++nXwe-e--i+,矿泉水,chinese,mineral water
GOOD,txy~i++i--n,溍,chinese,water
GOOD,ka++u++xy~ya++u--lyu++u--,高效率,chinese,high efficiency
GOOD,kO++qtswo++o--,工作,chinese,work/job
GOOD,we++i--XU++qmyAA++ntxy~h~yA++n,卫生棉签,chinese,tampon
GOOD,XU++qHwoo++,生活,chinese,life/existence
GOOD,pi-i--i+q,秉,chinese,to grasp
GOOD,ko++u--wu++u--TXh~O++,购物车,chinese,shopping cart
GOOD,fa++qXi++i--,方式,chinese,path/plan
GOOD,TXh~wa++i++,搋,chinese,to knead
GOOD,a++ntxy~h~yuA++n,安全,chinese,safe/secure
GOOD,TXo-o--u+kyu++A++ntxy~ye++,肘关节,chinese,elbow joint
GOOD,mu-u--u+yi++qXi++i--,母婴室,chinese,infant room
GOOD,tO-O--O+q,懂,chinese,to understand
GOOD,txy~i++i--syu++A--ntxy~i++,计算机,chinese,computer
GOOD,xy~ya-a--a+q,想,chinese,to think
GOOD,mi++i--q,命,chinese,life
GOOD,Xi-i--i+yO++O--q,使用,chinese,use
GOOD,wa++i--ma++i--yyuA++n,外卖员,chinese,delivery man
GOOD,mU-U--U+q,猛,chinese,ferocious
GOOD,TXa++u--,兆,chinese,omen
GOOD,txy~yO-O--O+q,煚,chinese,fire
GOOD,ka++u++lou++ta++a--Xa++a--,高楼大厦,chinese,high-rise building
GOOD,txy~h~ii++qkh~wa++a--q,情况,chinese,circumstances
GOOD,txy~i++qya++a--n,经验,chinese,experience
GOOD,pya++uTXyU-U--U+ntaa++a++a--n,标准答案,chinese,standard answer
GOOD,ra-a--a+q,壤,chinese,soil
GOOD,XO++O--xy~ya++a--qXi++,摄像师,chinese,videographer
GOOD,wuu++xy~yA++A--nwa-a--a+q,无线网,chinese,wi-fi
GOOD,TXh~UU++qTXa-a--a+q,成长,chinese,mature
GOOD,ka++u++su++u--kO++qlu++u--,高速公路,chinese,highway
GOOD,taa++yii++txy~ye-e--e+Hwo++o--,答疑解惑,chinese,faq
GOOD,kh~a++i--,愒,chinese,to desire
GOOD,tyee++,垤,chinese,anthill
GOOD,me-e--i+,嵄,chinese,mountain
GOOD,Xu++u--txy~u++u--xy~yA++A--n,数据线,chinese,data line
GOOD,XO++O--Hwe++i--,社会,chinese,community/society
GOOD,wei++,嵬,chinese,rocky
GOOD,XU-U--U+n,沈,chinese,liquid
GOOD,xy~ya++u,宵,chinese,night
GOOD,yi++ma++u--txy~yA++n,衣帽间,chinese,cloakroom
GOOD,th~ai++Xi++i--tyA++A--nna-a--u+,台式电脑,chinese,desktop pc
GOOD,txy~h~yaa++q,墙,chinese,wall
GOOD,th~yA++n,天,chinese,day
GOOD,ka++u++lou++ta++a--Xa++a--,高楼大厦,chinese,high-rise building
GOOD,si++txy~ya++TXh~O++,私家车,chinese,private car
GOOD,xy~ye++e--,嶰,chinese,mountain valley
GOOD,Xo-o--u+txy~i++kh~OO++,手机壳,chinese,phone case
GOOD,txy~yA++A--n,涧,chinese,mountain stream
GOOD,xy~ii++qwei++,行为,chinese,fact
GOOD,HOO++q,虹,chinese,rainbow
GOOD,TXwa-a--i+,跩,chinese,to waddle
GOOD,xy~yOO++q,熊,chinese,bear
GOOD,ph~UU++q,朋,chinese,friend
GOOD,tyA++A--nHwU++U--Ha++u--ma-a--a+,电话号码,chinese,phone number
GOOD,yi-i--i+nxy~ii++qya-a--a+ntxy~i++i--q,隐形眼镜,chinese,contact lenses
GOOD,yau++kh~O++O--qtxy~h~i++i--,遥控器,chinese,remote control
GOOD,yi++pU-U--U+nTXU++U--qtxy~i++q,一本正经,chinese,serious
GOOD,Xii++txy~yA++n,时间,chinese,moment
GOOD,xy~ii++q,侀,chinese,shape
GOOD,txy~yo++u--,旧,chinese,old
GOOD,pai++TXh~U++U--nXa++n,白衬衫,chinese,white shirt
GOOD,Haa++qpa++nxy~i++i--nxy~i++,航班信息,chinese,flight information
GOOD,xy~ya-a--u+,晓,chinese,dawn
GOOD,tyA++A--nxy~yA++A--nka-a--a+n,电线杆,chinese,telephone pole
GOOD,kh~U++q,坑,chinese,hole
GOOD,tO++qxy~i++,东西,chinese,creature
GOOD,xy~yaa++,舺,chinese,boat
GOOD,pa++a--nkO++qTXwo++,办公桌,chinese,desk
GOOD,ka++i++,垓,chinese,boundary
GOOD,kOO++Xi++i--HwU++U--,格式化,chinese,format
GOOD,laa++ntxy~h~you++TXh~a-a--a+q,篮球场,chinese,basketball court
GOOD,th~ye++,怗,chinese,peaceful
GOOD,xy~yA++A--nxy~ya++a--q,现象,chinese,phenomenon
GOOD,kh~a++a--n,墈,chinese,cliff
GOOD,TXh~UU++qkO++qrUU++nXi++i--,成功人士,chinese,successful person
GOOD,txy~i++qXUU++nto-o--u+so-o--u+,精神抖擞,chinese,refreshed
GOOD,fe++i--,怫,chinese,anger
GOOD,tsO++q,宗,chinese,school
GOOD,txy~yA++A--nXU++ntxy~ya++ulyA++A--n,健身教练,chinese,fitness coach
GOOD,kh~wa++q,筐,chinese,basket
GOOD,xy~yA-A--A+nXi++i--ph~ii++q,显示屏,chinese,display
GOOD,ya++nHwU++xy~yo++u--,烟花秀,chinese,fireworks show
GOOD,ta++a--q,凼,chinese,pool
GOOD,kUU++n,哏,chinese,funny
GOOD,we++i--XU++qTXi-i--i+,卫生纸,chinese,toilet paper
GOOD,ph~ai++,棑,chinese,raft
GOOD,kO++qsi++mii++qTXh~U++q,公司名称,chinese,company name
o#,lo#fd,luft,danish,air
GOOD,E_blU,æble,danish,apple
o#,slo#,slå,danish,beat
a#,a#l,øl,danish,beer
O,fOyl,fugl,danish,bird
a#,dra#ph~U,dråbe,danish,drop
a#,a#r,øre,danish,ear
GOOD,e#sh~d,øst,danish,east
GOOD,Eh~dsU,ætse,danish,etch
U,to#jU,tåge,danish,fog
',hUn',hånd,danish,hand
o#,ho#l,hul,danish,hole
e_,le_bU,læbe,danish,lip
a#,ma#trk,møtrik,danish,nut
a#,la#bU,løbe,danish,run
GOOD,a#m,øm,danish,tender
GOOD,E_CU,æde,danish,to eat
o#,to#,tå,danish,toe
ou#,Abno^u#mUl,abnormal,english,abnormal
A,A^ksEs,access,english,access
U,Utxi^v,achieve,english,achieve
b,bAnd,band,english,band
yu,byu^tUfUl,beautiful,english,beautiful
I,bigI^n,begin,english,begin
O,bOli^v,believe,english,believe
u#,bOu#c,birth,english,birth
U,blUd,blood,english,blood
ow,blow,blow,english,blow
Ou#,blOu#,blur,english,blur
ou#,bou#d,board,english,board
O,bOk,book,english,book
a,kal,call,english,call
A,kAt,cat,english,cat
A,klAwd,cloud,english,cloud
E,kUnsE^ptxuwUlayz,conceptualize,english,conceptualize
A,kOntrA^st,contrast,english,contrast
uw,kuwl,cool,english,cool
ey,kreyv,crave,english,crave
iey,krie^yt,create,english,create
A,dAnts,dance,english,dance
ey,deyt,date,english,date
ey,dey,day,english,day
ay,dOsa^yd,decide,english,decide
ow,diko^wd,decode,english,decode
d,did,deed,english,deed
ey,dE^mOnstreyt,demonstrate,english,demonstrate
ey,fe^ymIs,famous,english,famous
ow,fE^low,fellow,english,fellow
f,fayr,fire,english,fire
Aw,fAwnde^yxOn,foundation,english,foundation
g,gIft,gift,english,gift
h,hil,heal,english,heal
ay,hay,hi,english,hi
k,kiq,king,english,king
l,lUv,love,english,love
I,mAgnI^fOsInt,magnificent,english,magnificent
e,meyk,make,english,make
m,mau#k,mark,english,mark
j,mE^jOr,measure,english,measure
n,nowt,note,english,note
p,pley,play,english,play
r,rAt,rat,english,rat
u#ey,u#e^yvOn,raven,english,raven
Eu#,u#OpE^u#,repair,english,repair
i,sit,seat,english,seat
s,sik,seek,english,seek
u#,sinyo^u#Iti,seniority,english,seniority
x,xIp,ship,english,ship
q,siq,sing,english,sing
I,sUfI^stUkeydId,sophisticated,english,sophisticated
s,sol,soul,english,soul
u#i,spu#iq,spring,english,spring
C,CIs,this,english,this
c,cor,thor,english,thor
t,taym,time,english,time
u,tul,tool,english,tool
v,vayb,vibe,english,vibe
ey,weyt,wait,english,wait
w,weyv,wave,english,wave
Ou#,wa^yOu#,wire,english,wire
I,wI^zdUm,wisdom,english,wisdom
o,wolf,wolf,english,wolf
O,wOd,would,english,would
y,yard,yard,english,yard
z,zown,zone,english,zone
z,zum,zoom,english,zoom
GOOD,paqkki,pankki,finnish,bank (institution)
GOOD,pronssi,pronssi,finnish,bronze (metal)
GOOD,ka^uppa,kauppa,finnish,commerce/trade
GOOD,kurssi,kurssi,finnish,course/class
GOOD,si#_,syy,finnish,filament
GOOD,Vaikka,vaikka,finnish,for example
GOOD,lu^okka,luokka,finnish,group/collection
GOOD,tA_^llA,täällä,finnish,here
GOOD,ri_ttAmAte#n,riittämätön,finnish,insufficient
GOOD,palkka,palkka,finnish,pay/salary
GOOD,ammatti,ammatti,finnish,profession
GOOD,harrasta_,harrastaa,finnish,to be interested in
GOOD,purra,purra,finnish,to bite
GOOD,mu_ttua,muuttua,finnish,to change
GOOD,Va^lita,valita,finnish,to choose
GOOD,su_^nnitella,suunnitella,finnish,to design
GOOD,sinnitellA,sinnitellä,finnish,to hang on
GOOD,pe^rustella,perustella,finnish,to justify
GOOD,yAttA_,jättää,finnish,to leave
GOOD,Va^llita,vallita,finnish,to prevail
GOOD,VetA_,vetää,finnish,to pull/drag
GOOD,sa_^Vutta_,saavuttaa,finnish,to reach
GOOD,mi#_dA,myydä,finnish,to sell
GOOD,VAlittA_,välittää,finnish,to transmit
GOOD,i#^rittA_,yrittää,finnish,to try
GOOD,i#^mmArtA_,ymmärtää,finnish,to understand
GOOD,kA^i#ttA_,käyttää,finnish,to use
GOOD,i#hdessA,yhdessä,finnish,together
GOOD,a&fibi,amphibie,french,amphibious
GOOD,a&pati,empathie,french,empathy
GOOD,po#&,pont,french,bridge
GOOD,paGfa#&,parfum,french,perfume
GOOD,vE&,vin,french,wine
GOOD,sapE&,sapin,french,fir tree
GOOD,dE&,daim,french,deer
GOOD,pE&ti#G,peinture,french,painting
GOOD,jaGdE&,jardin,french,garden
GOOD,E&po#sibl,impossible,french,impossible
GOOD,dUmE&,demain,french,tomorrow
GOOD,sE&^fo#ni,symphonie,french,symphony
GOOD,sitwa^yE&,citoyen,french,citizen
GOOD,kEstyo#&,question,french,question
GOOD,ko#&ko#&bG,concombre,french,cucumber
GOOD,a&pul,ampoule,french,light bulb
GOOD,a&fa&,enfant,french,infant
GOOD,ja#&gl,jungle,french,jungle
GOOD,bo#&bo#&,bonbon,french,sweet/candy
GOOD,vo#lka&,volcan,french,volcano
GOOD,eGi#psyo#&,éruption,french,eruption
GOOD,papiyo#&,papillon,french,butterfly
GOOD,etE&dG,éteindre,french,to turn off
GOOD,si#Gtu,surtout,french,above all
E&,a&syE&,ancien,french,ancient
E&,pE&,pain,french,bread
a&,ma&to,manteau,french,coat
GOOD,fGwa,froid,french,cold
GOOD,ko#&plEtma&,complètement,french,completely
O,fOl,foule,french,crowd
GOOD,ku^Ga&,courant,french,current (flow)
o#&,o#&bG,ombre,french,darkness
j,juG,jour,french,day
G,Gavi,ravi,french,delighted
E&,xjE&,chien,french,dog
GOOD,eGa#G,erreur,french,error
GOOD,EkspeGya&s,expérience,french,experience
GOOD,ga#l,gueule,french,face (of animal)
GOOD,pa#G,peur,french,fear
G,faGin,farine,french,flour
GOOD,libG,libre,french,free
GOOD,fo#&,fond,french,fund
o#&,bo#&,bon,french,good
GOOD,a#Ge#,heureux,french,happy
GOOD,ka#G,cœur,french,heart
GOOD,o#na#G,honneur,french,honor
E&,fE&,fiam,french,hunger
GOOD,E&teGya#G,intérieur,french,interior
GOOD,ma&k,manque,french,lack
GOOD,sEny~a#G,seigneur,french,lord
GOOD,mUsje#,monsieur,french,mister
GOOD,na#f,neuf,french,nine
GOOD,su&^va&,souvent,french,often
GOOD,o#GdG,ordre,french,order (arrangement)
a&,pa&,paon,french,peacock
GOOD,pGi,prix,french,prize
GOOD,GUsi#,reçu,french,receipt
G,Guj,rouge,french,red
GOOD,dGwa,droit,french,right (what's right)
a&,sa&dal,sandales,french,sandal footwear^
a&,a&plUG,ampleur,french,scale
GOOD,sUkGE,secret,french,secret
o#&,o#&t,honte,french,shame
GOOD,sa#G,sœur,french,sister
G,kGeno,créneau,french,slot
o#&,so#&,son,french,sound
G,sykG,sucre,french,sugar
GOOD,si#G,sûr,french,sure/certain
GOOD,tGi#k,truc,french,technique
GOOD,la#G,leur,french,them
GOOD,do#&k,donc,french,therefore
a&,ta&,temps,french,time
GOOD,EtG,être,french,to be
GOOD,mo#&te,monter,french,to climb
GOOD,fEG,faire,french,to do
GOOD,deja#ne,déjeuner,french,to have lunch
GOOD,Ga&ko#&tGe,rencontrer,french,to meet
GOOD,GUvUniG,revenir,french,to return
GOOD,a&vwaye,envoyer,french,to send
GOOD,mo#&tGe,montrer,french,to show
GOOD,Gei#siG,réussir,french,to succeed at something
GOOD,pa&se,penser,french,to think
o#&,tGo#&,tronc,french,trunk
GOOD,de#,dø,french,two
GOOD,o#&kl,oncle,french,uncle
GOOD,mo#&tG,montre,french,watch (timepiece)
GOOD,kwE&,coin,french,wedge
GOOD,byE&vUni#,bienvenue,french,welcome
a&,bla&,blanc,french,white
GOOD,a#vG,œuvre,french,work
a&,a&,an,french,year
GOOD,ja#n,jeune,french,young
aE,haEri,ჰაერი,georgian,air
GOOD,msgavsi,მსგავსი,georgian,alike
GOOD,tso#tsHali,ცოცხალი,georgian,alive/animate
tx!,tx!iantx!vEla,ჭიანჭველა,georgian,ant
h,himni,ჰიმნი,georgian,anthem
g,gargari,გარგარი,georgian,apricot
dj,abdjari,აბჯარი,georgian,armor
G,aGmarth~i,აღმართი,georgian,ascent
GOOD,mEmk!vidrEo#ba,მემკვიდრეობა,georgian,asset/inheritance
G,Gamura,ღამურა,georgian,bat
GOOD,brdzo#la,ბრძოლა,georgian,battle
GOOD,sart!K!Eli,სარტყელი,georgian,belt
dz,dziri,ძირი,georgian,bottom
t!,t!o#t!i,ტოტი,georgian,branch
p!,p!Ep!Ela,პეპელა,georgian,butterfly
k!,ak!aju,აკაჟუ,georgian,cashew
k!,k!at!a,კატა,georgian,cat
dz,dzro#Ha,ძროხა,georgian,caw
tx!,tx!Eri,ჭერი,georgian,ceiling
tx!,tx!aGi,ჭაღი,georgian,chandelier
ts!,ts!its!ila,წიწილა,georgian,chicken
GOOD,xvili,შვილი,georgian,child
GOOD,ph~rtxHili,ფრჩხილი,georgian,claw
G,GrubEli,ღრუბელი,georgian,cloud
GOOD,mdzimE,მძიმე,georgian,comma
GOOD,xangrdzlivo#ba,ხანგრძლივობა,georgian,continuance
K!,kh~vEK!ana,ქვეყანა,georgian,country
GOOD,dGE,დღე,georgian,day
G,Grma,ღრმა,georgian,deep
GOOD,tsno#bili,ცნობილი,georgian,distinguished
K!,K!uri,ყური,georgian,ear
p!,Ep!o#kh~a,ეპოქა,georgian,epoch
dj,Hardji,ხარჯი,georgian,expense
k!,arak!i,არაკი,georgian,fable
ts,tsru,ცრუ,georgian,false
k!,ank!Esi,ანკესი,georgian,fishing rod
GOOD,brt!k!Eli,ბრტყელი,georgian,flat
j,jiraph~i,ჟირაფი,georgian,giraffe
g,go#go#,გოგო,georgian,girl
dj,djiHvi,ჯიხვი,georgian,goat
kh~,o#kh~ro#,ოქრო,georgian,gold
g,go#ra,გორა,georgian,hill
h,hip!o#p!o#t!ami,ჰიპოპოტამი,georgian,hippo
h,hibridi,ჰიბრიდი,georgian,hybrid
GOOD,mnixvnElo#vani,მნიშვნელოვანი,georgian,important
j,jak!Et!i,ჟაკეტი,georgian,jacket
K!,K!ba,ყბა,georgian,jaw
o#,pho#th~o#li,ფოთოლი,georgian,leaf
GOOD,martsHEna,მარცხენა,georgian,left
GOOD,sigrdzE,სიგრძე,georgian,length
GOOD,bmuli,ბმული,georgian,link (internet)
dz,andza,ანძა,georgian,mast
ts!,ts!uth~i,წუთი,georgian,minute
GOOD,sHvadasHva,სხვადასხვა,georgian,miscellanea
t!,t!it!vEli,ტიტველი,georgian,naked
GOOD,txrdilo#Eth~i,ჩრდილოეთი,georgian,north
k!,o#k!eane,ოკეანე,georgian,ocean
GOOD,Hxirad,ხშირად,georgian,often
H,HaHvi,ხახვი,georgian,onion
j,jangbadi,ჟანგბადი,georgian,oxygen
t!,at!ami,ატამი,georgian,peach
GOOD,djguph~uri,ჯგუფური,georgian,pertaining to team
p!,p!ik!nik!i,პიკნიკი,georgian,picnic
p!,p!lanEt!a,პლანეტა,georgian,planet
GOOD,gth~Ho#vth~,გთხოვთ,georgian,please (formal)
p!,p!o#lusi,პოლუსი,georgian,pole
GOOD,mo#saHlEo#ba,მოსახლეობა,georgian,population
j,jo#lo#,ჟოლო,georgian,raspberry
GOOD,namdvili,ნამდვილი,georgian,real
g,igivE,იგივე,georgian,same
GOOD,mEtsniErEba,მეცნიერება,georgian,science
GOOD,zGva,ზღვა,georgian,sea
GOOD,sEkh~tsia,სექცია,georgian,section
p!,nap!iri,ნაპირი,georgian,shore
GOOD,mnixvnElo#ba,მნიშვნელობა,georgian,significance
GOOD,mravalmnixvnElo#vani,მრავალმნიშვნელოვანი,georgian,significant
ts,tsa,ცა,georgian,sky
dz,dzili,ძილი,georgian,sleep
GOOD,mtsirE,მცირე,georgian,small/insignificant
ts!,ts!K!aro#,წყარო,georgian,source
o#,o#bo#ba,ობობა,georgian,spider
H,HErHEmali,ხერხემალი,georgian,spine
K!,tsiK!vi,ციყვი,georgian,squirrel
GOOD,saHElmts!iph~o#,სახელმწიფო,georgian,state/kingdom
dj,djo#Hi,ჯოხი,georgian,stick
H,Hmali,ხმალი,georgian,sword
tx!,nitx!i,ნიჭი,georgian,talent
h,halst!uHi,ჰალსტუხი,georgian,tie
K!,iK!o,იყო,georgian,to be
GOOD,xdEba,ხდება,georgian,to happen
GOOD,aGts!Ers,აღწერს,georgian,to list
GOOD,gamo#akh~vEK!nEbs,გამოაქვეყნებს,georgian,to publish
GOOD,mts!vrth~nE^li,მწვრთნელი,georgian,trainer/coach
dz,gandzi,განძი,georgian,treasure
H,HE,ხე,georgian,tree
H,Hma,ხმა,georgian,voice
k!,k!ak!ali,კაკალი,georgian,walnut
ts!,ts!K!ali,წყალი,georgian,water
t!,t!alGa,ტალღა,georgian,wave
o#,mso#ph~lio#,მსოფლიო,georgian,world
ts!,ts!Elits!adi,წელიწადი,georgian,year
GOOD,th~kh~vEn,თქვენ,georgian,you
i#,Gi#^kUn,rücken,german,back (body)
I,kInt,kind,german,child
O,hOnt,hund,german,dog
aI,aI,ei,german,egg
aI,flaIx,fleisch,german,flesh
EE,mE_^txy~Un,mädchen,german,girl
aa,gGa_s,gras,german,grass
X,ho_H,hoch,german,high
i#,xli#sUl,schlüssel,german,key
E,E_^nlIx,ähnlich,german,similar
x,xlaqU,schlange,german,snake
e#,le#fUl,löffel,german,spoon
i#_,i#_bUn,üben,german,to practice
aO,baOm,baum,german,tree
o#,wo#Gt,wort,german,word
d?,d?i+go-_,ɗigṑ,hausa,a drop
GOOD,'a-ddu+'a-_,àddu'ā̀,hausa,a prayer
GOOD,ki+bi+ya-_,kibiyā̀,hausa,arrow
GOOD,ga+gga+_fa+_,gaggāfā,hausa,bateleur eagle
ky~,ky~a+a-u,kyâu,hausa,beauty
GOOD,ba+k!i+_,baƙī,hausa,black/dark
kw,'a-kwa-_ti-,àkwā̀tì,hausa,box
GOOD,ky~a+a-nwa+_,kyânwā,hausa,cat
GOOD,ha-wa+ini-ya+_,hàwainìyā,hausa,chameleon
',da+_'i-ra+_,dā'ìr̃ā,hausa,circle
GOOD,Ra+_b?a+_,rāɓā,hausa,dew
GOOD,da+imo-n,daimòn,hausa,diamond
GOOD,'a-gw~a-_gw~a+_,àgwā̀gwā,hausa,duck (animal)
k!,k!o-_k!a+ri+,ƙṑƙari,hausa,effort
GOOD,k!a-dda+ra-_,ƙàddar̃ā̀,hausa,fate/destiny
GOOD,hu-rri+yya-_,hùr̃r̃iyyā̀,hausa,freedom/liberty
kw,kwa-_d?o+_,kwā̀ɗō,hausa,frog
GOOD,la+zza-_,lazzā̀,hausa,good flavor
GOOD,bu+kka-_,bukkā̀,hausa,grass hut
k!,k!a-ho+_,ƙàhō,hausa,horn
GOOD,kw~a-le+kw~a-le+,kwàlekwàle,hausa,kanoe
GOOD,wa-lk!i+ya+_,wàlƙiyā,hausa,lightning
GOOD,ba-nda+_,bàndā,hausa,meat dried over fire
GOOD,ha+dda-_,haddā̀,hausa,memorization
GOOD,ma+sa+lla+_txi+_,masallācī,hausa,mosque
GOOD,la-ru+_ra-_,làr̃ūr̃ā̀,hausa,necessity
d?,d?aya,ɗaya,hausa,one
GOOD,gw~a+ggo-,gwaggò,hausa,paternal aunt
GOOD,da-k!i+_k!a-_,dàƙīƙā̀,hausa,second (unit of time)
GOOD,hu+d?u+ba-_,huɗubā̀,hausa,sermon
GOOD,k!a-nk!a+ne-_,ƙànƙanḕ,hausa,small
k!,k!a+sa+_,ƙasā,hausa,soil
d?,d?a+_,ɗáː,hausa,son
GOOD,k!a+_'i+da-_,ƙā'idā̀,hausa,standard
GOOD,k!i+ssa-_,ƙissā̀,hausa,story
GOOD,dja+rra-ba+_a-wa+_,jar̃r̃àbâwā,hausa,test/exam
GOOD,bi+xi+ya-_,bishiyā̀,hausa,tree
GOOD,kahaone,kahaone,hawaiian,beach covered with sand
GOOD,hu_lanakuahale,kūlanakauhale,hawaiian,city
GOOD,ka_na_wai,kānāwai,hawaiian,code/law
GOOD,ma_kauka^u,mākaukau,hawaiian,competence
GOOD,pa_pa_'o_lelo,pāpāʻōlelo,hawaiian,conversation
GOOD,pololei,pololei,hawaiian,correct
GOOD,pa'aki_ki_,paʻakīkī,hawaiian,difficult
GOOD,hahu^a,kahua,hawaiian,foundation
GOOD,maika'i,maikaʻi,hawaiian,goodness
GOOD,tu_tu_,tūtū,hawaiian,grandparent
GOOD,ha'awi^na,haʻawina,hawaiian,lesson/assignment
GOOD,kahu^na,kahuna,hawaiian,magician/sorcerer
GOOD,makuahine,makuahine,hawaiian,mother
GOOD,hemolele,hemolele,hawaiian,perfection
GOOD,pa'aka^i,paʻakai,hawaiian,salt
GOOD,wehewehe,wehewehe,hawaiian,to explain
GOOD,ho'opa'a,hoʻopaʻa,hawaiian,to fix
GOOD,wala'au,walaʻau,hawaiian,to talk
GOOD,ni_ki'i,nīkiʻi,hawaiian,to tie/bind
GOOD,ho'ohana,hoʻohana,hawaiian,to use
H,Ha^ya,חַיָּה,hebrew,animal
G,tsipo^G,צִפּוֹר,hebrew,bird
e,ye^led,יֶלֶד,hebrew,child
H,Hata^H,חֲתָךְ,hebrew,cut
G,basa^G,בָּשָׂר,hebrew,flesh
R,pe^GaH,פֶּרַח,hebrew,flower
',ya^'aG,יַעַר,hebrew,forest
G,pGi,פְּרִי,hebrew,fruit
G,se'aGa^,שַׂעֲרָה,hebrew,hair
G,Gox,רֹאשׁ,hebrew,head
H,me^leH,מֶלֶך,hebrew,king
H,a^GoH,אָרֹךְ,hebrew,long
a,a^dam,אָדָם,hebrew,man
H,la^Hats,לַחַץ,hebrew,pressure
H,naHa^x,נָחָשׁ,hebrew,snake
GOOD,'aha^v,אָהַב,hebrew,to love
e,ets,עֵץ,hebrew,tree
bh~,Ubh~Ine_tri_,अभिनेत्री,hindi,actress
tx,bUttxa_,बच्चा,hindi,baby
T,To_kri_,टोकरी,hindi,basket
GOOD,a_xi_rVa_d,आशीर्वाद,hindi,blessing
kh~,xa_kh~a_,शाखा,hindi,branch
th~,th~o_k,थोक,hindi,bulk
bh~,bh~a_r,भार,hindi,burden
txh~,txh~a_ti_,छाती,hindi,chest
N,sUmUrpUN,समर्पण,hindi,dedication
bh~,pUrIbh~a_Xa_,परिभाषा,hindi,definition
D,Do#kTUr,डॉक्टर,hindi,doctor
Dh~,Dh~o_l,ढोल,hindi,drum
th~,hha_th~i_,हाथी,hindi,elephant
bh~,xObh~,शुभ,hindi,favorable
djh~,djh~UNDa_,झंडा,hindi,flag (banner)
ph~,ph~Ul,फल,hindi,fruit
dh~,dh~Un,धन,hindi,funds
N,mUNi_,मणि,hindi,gem
Rh~,pi_Rh~i_,पीढ़ी,hindi,generation
txh~,Uttxh~a_,अच्छा,hindi,good
th~,UtIth~i_,अतिथि,hindi,guest
gh~,gh~UR,घर,hindi,house
kh~,VE_xa_kh~,वैशाख,hindi,indian month
djh~,dja_nbu_djh~kUr,जानबूझकर,hindi,intentionally
Rh~,si_Rh~i_,सीढ़ी,hindi,ladder
djh~,djh~i_l,झील,hindi,lake
bh~,bh~a_Xa_,भाषा,hindi,language
TT,txITTh~i_,चिट्ठी,hindi,letter
R,ph~e_ph~Ra_,फेफड़ा,hindi,lung
tx,mE_tx,मैच,hindi,match
th~,URth~a_t,अर्थात,hindi,meaning
dh~,sa_dh~na_,साधना,hindi,meditation
dh~,du_dh~,दूध,hindi,milk
N,dUrpUN,दर्पण,hindi,mirror
dh~,Udh~Ik,अधिक,hindi,more
kh~,kh~UttxUr,खच्चर,hindi,mule
kh~,Ukh~ba_r,अख़बार,hindi,newspaper
N,UrpUN,अर्पण,hindi,offering
ph~,Uph~sUr,अफसर,hindi,officer
T,mUTUr,मटर,hindi,pea
dj,djUma_na_,जमाना,hindi,period
ph~,ph~Uli_,फली,hindi,pod
dh~,dh~Urm,धर्म,hindi,religion/faith
X,xe_X,शेष,hindi,residue
R,sURUk,सड़क,hindi,road
dj,ra_dj,राज,hindi,rule
dj,djUhha_dj,जहाज,hindi,ship
gh~,a_gh~a_t,आघात,hindi,shock
X,Xa_Nma_sIk,षाण्मासिक,hindi,six monthly
D,DUmru_,डमरू,hindi,small drum
X,bh~a_XUN,भाषण,hindi,speech
djh~,sOdjh~a_V,सुझाव,hindi,suggestion
Th~,Uqgu_Th~a_,अंगूठा,hindi,thumb
T,TikUT,टिकट,hindi,ticket
gh~,ba_gh~,बाघ,hindi,tiger
dj,a_dj,आज,hindi,today
txh~,gUmtxh~a_,गमछा,hindi,towel
kh~,kh~Ilo#_na_,खिलौना,hindi,toy
tx,sUtx,सच,hindi,truth
Dh~,Dh~a_i_,ढाई,hindi,two and a half
txh~,txh~Utri_,छतरी,hindi,umbrella
tx,txa_txa_,चाचा,hindi,uncle
d*,d*o&'o,!o̰ʔo,hoan,claw
p*,p*oa,ʘoa,hoan,eye
p*,p*oa,ʘ̰oa,hoan,fire
p*,'p*nuu,ʔʘnũ,hoan,head
d*,d*ho,!ʰo,hoan,horn
l*,l*a&e,ǁa̰e,hoan,meat
d*,d*K'o&,!qˀõ,hoan,nose
p*,p*u&,ʘ̃ũ,hoan,one
l*h~,l*h~o&a,ǁʰo̰a,hoan,stone
p*,p*Hui,ʘxui,hoan,tail
I,fIrC,firð,icelandic,a distance
cy,cyou_C,þjóð,icelandic,a nation
h~k,prEh~ka,brekka,icelandic,a slope
e#,e#kn,ögn,icelandic,a tiny particle
i#,u^lvi#r,úlfur,icelandic,a wolf
h~w,h~we#nn,hvönn,icelandic,angelica (plant)
e#i#,he#i#st,haust,icelandic,autumn/fall
kh~,paCkh~a_r,baðkar,icelandic,bathtub
ou,pyou_r,bjór,icelandic,beaver
py,pyatla,bjalla,icelandic,bell
i#,fi#kl,fugl,icelandic,bird
i#,pi#rCi#r,burður,icelandic,birth
ss,plussa,blússa,icelandic,blouse
U,tIrUC,dirfð,icelandic,boldness
ll,po#lla,bolla,icelandic,bun (round bread)
tt,pEttI,beddi,icelandic,camp bed
pp,flI^ppI^,flibbi,icelandic,collar of a shirt
e#i#,cre#i#qk,þröng,icelandic,crowd
e#_,e#^rle#_G,örlög,icelandic,destiny
c,cvE^rmauul,þvermál,icelandic,diameter
i#,hi#nti#r,hundur,icelandic,dog
ll,to#llarI,dollari,icelandic,dollar
tn,tutn,dúnn,icelandic,down feathers
h~k,trI^h~ki#r,drykkur,icelandic,drink/beverage
C,parC,barð,icelandic,edge
kk,Ekk,egg,icelandic,egg
C,fyACi#r,fjöður,icelandic,feather
h~r,h~re#i#ql,hröngl,icelandic,fragmented ice
a#_,tra#_yGi#r,draugur,icelandic,ghost
ky,kye#e#v,gjöf,icelandic,gift
ky,kyI^Cya,gyðja,icelandic,goddess
pp,kru^ppa,grúbba,icelandic,group
h~r,h~ro#ss,hross,icelandic,horse
C,maCi#r,maður,icelandic,human
c,cE^hkyiqk,þekking,icelandic,knowledge
h~r,h~re#i#i#n,hraun,icelandic,lava
e#i#,e#^i#Cna,auðna,icelandic,luck
C,aCfErC,aðferð,icelandic,method
C,uuC,úð,icelandic,mind
eii,cveiiyItl,þvegill,icelandic,mop
fy,fyatl,fjall,icelandic,mountain
h~r,h~rei_Ci#r,hreiður,icelandic,nest
C,a_Catl,aðall,icelandic,nobility
ei_,ei_Ci#r,eiður,icelandic,oath
fy,fye#_l,fjöl,icelandic,plank/board
h~k,te#h~k,dökk,icelandic,pool
cy,cye#_l,þjöl,icelandic,rasp
h~w,h~wilt,hvíld,icelandic,rest
c,ca_k,þak,icelandic,roof
h~r,h~ruuCi#r,hrúður,icelandic,scab
a_i,fra_^iCI,fræði,icelandic,sciences
c,cEkn,þegn,icelandic,servant
G,pIGC,byggð,icelandic,settlement
C,huC,húð,icelandic,skin
C,ECya,eðja,icelandic,sludge
h~r,h~ri_C,hríð,icelandic,snowstorm
tt,pro#tti#r,broddur,icelandic,spike
e#_,tve#_l,dvöl,icelandic,stay (noun)
ei_,ei_mi#r,eimur,icelandic,steam/vapor
e#,pI^Cste#C,biðstöð,icelandic,stop (e.g. bus stop)
G,praGC,bragð,icelandic,taste
C,ci_Ca,þíða,icelandic,thaw
h~l,u^h~lpa,úlpa,icelandic,thick winter coat
ei_,pei_Ca,beiða,icelandic,to ask
nn,prEnna,brenna,icelandic,to burn
h~r,ci#^h~rka,þurrka,icelandic,to dry
nn,cInna,þynna,icelandic,to thin
c,ci^iCiqk,þýðing,icelandic,translation
kh~,kh~vo#lv,hvolf,icelandic,vault
ai,plaiya,blæja,icelandic,veil
G,tIGC,dyggð,icelandic,virtue
e#_,E^ltste#_C,eldstöð,icelandic,volcano
UI,e#_^i#Ca_iUI,auðæfi,icelandic,weatlh
tt,preitt,breidd,icelandic,width
e#_i#,ke#_i#C,gauð,icelandic,wimp
tn,pistn,býsn,icelandic,wonder/marvel
i#,o#rmi#r,ormur,icelandic,worm
GOOD,isaGuK,ᐃᓴᕈᖅ,inuktitut,a wing
GOOD,u_mayuK,ᐆᒪᔪᖅ,inuktitut,animal
GOOD,tiGiganiaK,ᑎᕆᒐᓂᐊᖅ,inuktitut,arctic fox
GOOD,ukpik,ᐅᒃᐱᒃ,inuktitut,arctic owl
GOOD,aluiKKanaK,ᐊᓗᐃᖅᑲᓇᖅ,inuktitut,avalanche
GOOD,igliK,ᐃᒡᓕᖅ,inuktitut,bed
GOOD,KilalugaK,ᕿᓚᓗᒐᖅ,inuktitut,beluga whale
GOOD,aKpik,ᐊᖅᐱᒃ,inuktitut,cloudberry
GOOD,Kimmik,ᕿᒻᒥᒃ,inuktitut,dog
GOOD,tikiK,ᑎᑭᖅ,inuktitut,finger
GOOD,iKaluk,ᐃᖃᓗᒃ,inuktitut,fish (salmon/trout)
GOOD,taktuk,ᑕᒃᑐᒃ,inuktitut,fog
GOOD,niKi,ᓂᕿ,inuktitut,food
GOOD,aggak,ᐊᒡᒐᒃ,inuktitut,hand
GOOD,saku,ᓴᑯ,inuktitut,head of harpoon
GOOD,kiqaK,ᑭᖓᖅ,inuktitut,hill
GOOD,iglu,ᐃᒡᓗ,inuktitut,house
GOOD,ka_ktuK,ᑳᒃᑐᖅ,inuktitut,hungry
GOOD,tu_ga_K,ᑑᒑᖅ,inuktitut,ivory tusk
GOOD,KayaK,ᖃᔭᖅ,inuktitut,kayak
GOOD,tasiK,ᑕᓯᖅ,inuktitut,lake
GOOD,nuna,ᓄᓇ,inuktitut,land
GOOD,KiktuGiaK,ᕿᒃᑐᕆᐊᖅ,inuktitut,mosquito
GOOD,KaKkaK,ᖃᖅᑲᖅ,inuktitut,mountain
GOOD,tu_ga_lik,ᑑᒑᓕᒃ,inuktitut,narwhal
GOOD,savik,ᓴᕕᒃ,inuktitut,normal shaped knife
K,KiqaK,ᕿᖓᖅ,inuktitut,nose
GOOD,uKsuK,ᐅᖅᓱᖅ,inuktitut,oil/blubber
GOOD,nunatsiavut,ᓄᓇᑦᓯᐊᕗᑦ,inuktitut,our beautiful land
GOOD,amiK,ᐊᒥᖅ,inuktitut,pelt
GOOD,auyuittuK,ᐊᐅᔪᐃᑦᑐᖅ,inuktitut,permafrost
GOOD,inuk,ᐃᓄᒃ,inuktitut,person
GOOD,nanuK,ᓇᓄᖅ,inuktitut,polar bear
GOOD,ku_k,ᑰᒃ,inuktitut,river
GOOD,tuvaK,ᑐᕙᖅ,inuktitut,sea ice
GOOD,Kamuti_k,ᖃᒧᑏᒃ,inuktitut,sled
GOOD,iGniK,ᐃᕐᓂᖅ,inuktitut,son
GOOD,a_sivaK,ᐋᓯᕙᖅ,inuktitut,spider
GOOD,alu_t,ᐊᓘᑦ,inuktitut,spoon
GOOD,upiGnKa_K,ᐅᐱᕐᓐᖄᖅ,inuktitut,spring (season)
GOOD,ulluGiaK,ᐅᓪᓗᕆᐊᖅ,inuktitut,star
GOOD,siKiniK,ᓯᕿᓂᖅ,inuktitut,sun
GOOD,kiaktisimayuK,ᑭᐊᒃᑎᓯᒪᔪᖅ,inuktitut,sweat
GOOD,kakini_t,ᑲᑭᓃᑦ,inuktitut,tattoo
GOOD,Kuyannami_k,ᖁᔭᓐᓇᒦᒃ,inuktitut,thank you
GOOD,imiKtuK,ᐃᒥᖅᑐᖅ,inuktitut,to drink
GOOD,niGiyuK,ᓂᕆᔪᖅ,inuktitut,to eat
GOOD,aqunasuktuK,ᐊᖑᓇᓱᒃᑐᖅ,inuktitut,to hunt
GOOD,nuKKaGit,ᓄᖅᑲᕆᑦ,inuktitut,to stop
GOOD,KauyimanituKaqit,ᖃᐅᔨᒪᓂᑐᖃᖏᑦ,inuktitut,traditional knowledge
GOOD,alliK,ᐊᓪᓕᖅ,inuktitut,underneath
GOOD,aiviK,ᐁᕕᖃ,inuktitut,walrus
GOOD,imaK,ᐃᒪᖅ,inuktitut,water
GOOD,sila,ᓯᓚ,inuktitut,weather
GOOD,KausiKtuK,ᖃᐅᓯᖅᑐᖅ,inuktitut,wet
GOOD,nuliaK,ᓄᓕᐊᖅ,inuktitut,wife
GOOD,ukiuK,ᐅᑭᐅᖅ,inuktitut,winter
GOOD,amaGuK,ᐊᒪᕈᖅ,inuktitut,wolf
GOOD,aGnaK,ᐊᕐᓇᖅ,inuktitut,woman
GOOD,uKausiK,ᐅᖃᐅᓯᖅ,inuktitut,word
GOOD,ivvit,ᐃᕝᕕᑦ,inuktitut,you
fG~,fG~Il,fuil,irish (munster),blood
vy~,knG~a_vG~,cnámh,irish (munster),bone
vG~,ly~a^nG~UvG~,leanbh,irish (munster),child
mG~,mG~a^drG~U,madra,irish (munster),dog
sG~,iUsG~k,iasc,irish (munster),fish
tG~,tG~o#rG~U,toradh,irish (munster),fruit
fy~,fy~e_rG~,féar,irish (munster),grass
lG~,lG~a_vG~,lámh,irish (munster),hand
dG~,dG~I^ny~U,duine,irish (munster),human
fy~,fy~arG~,fear,irish (munster),man (male)
mG~,mG~a_hUry~,máthair,irish (munster),mother
bG~,bG~a^tG~U,bata,irish (munster),stick
rG~,krG~aunG~,crann,irish (munster),tree
mm,maremma,maremma,italian,a marshy coastal plain
tt,akkurate^ttsa,accuratezza,italian,accuracy
kk,attxa^kko,acciacco,italian,ache
kk,akka^do,accado,italian,akkadian
rr,marro^ne,marrone,italian,brown
kk,akko^ntxo,acconcio,italian,dressed up
ss,ettxE^sso,eccesso,italian,excess
ss,fissa^to,fissato,italian,fixed (position)
ss,masso^ne,massone,italian,free mason
dd,addio,addio,italian,goodbye
mm,gommo^zo,gommoso,italian,gummy
ll,modEllo,modello,italian,model
ll,kolla^na,collana,italian,necklace
dd,para^ddjo,paraggi,italian,neighborhood
ll,novEllo,novello,italian,new
vv,riavvio,riavvio,italian,restart
ll,ka^llido,callido,italian,shrewd
kk,pakkya^no,pacchiano,italian,tacky
mm,amme^ttere,amméttere,italian,to admit
bb,abbaya^re,abbaiàre,italian,to bark (like dog)
ff,attxeffa^re,acceffare,italian,to bite
pp,skoppya^re,scoppiàre,italian,to burst
kk,akkade^re,accadére,italian,to happen
kk,rakkyu^dere,racchiùdere,italian,to host
dd,addje^ttare,aggettare,italian,to jut
rr,okko^rrere,occórrere,italian,to need
pp,appanna^re,appannàre,italian,to obscure
vv,avveni^re,avvenìre,italian,to occur
pp,oppo^rre,opporre,italian,to oppose
ss,passa^re,passàre,italian,to pass
rr,erra^re,erràre,italian,to wander
GOOD,bat.ta,ばった,japanese,grasshopper
GOOD,ry~it.torO,リットル,japanese,litre
GOOD,dzaxxy~i,ざっし,japanese,magazine
GOOD,yOk.kOryi,ゆっくり,japanese,slowly
GOOD,ky~it.te,きって,japanese,stamp
GOOD,ky~ip.pO,きっぷ,japanese,train ticket
GOOD,otto,おっと,japanese,whoops
GOOD,onna,おんな,japanese,woman
th~,toth~ori,도토리,korean,acorn
ly~,txy~h~Uly~tx@y~uk.,철쭉,korean,azalea
s@,s@ak.,싹,korean,bud
txy~h~,txy~h~eri,체리,korean,cherry
t@,kyw~it@urami,귀뚜라미,korean,cricket
k@,k@a^atxy~h~i,까치,korean,crow
k@,k@amagyw~i,까마귀,korean,crow
ly~,kaly~txy~h~i,갈치,korean,cutlassfish
ly~,naly~tx@y~a,날짜,korean,date
k@,k@um,꿈,korean,dream
t@,t@aq,땅,korean,earth
k@,kh~ok@iri,코끼리,korean,elephant
p@,ap@a,아빠,korean,father
k@,k@ot.,꽃,korean,flower
p@,kip@Om,기쁨,korean,happiness
p@,p@op@o,뽀뽀,korean,kiss
yW,kxy~iyw~i,키위,korean,kiwi
LL,kh~oaLLa,코알라,korean,koala
s@,s@ogari,쏘가리,korean,mandarin fish
s@,s@uk.,쑥,korean,mugwort
ly~,hEdzy~illy~Uk.,해질녘,korean,nightfall
','il,일,korean,one
ph~,ph~a,파,korean,onion
th~,th~a^adzy~o,타조,korean,ostrich
yw~,ph~eqgyw~in,펭귄,korean,penguin
txY,kotxy~u,고추,korean,pepper
ph~,ph~imaq,피망,korean,pimento
L,ph~ainEph~OL,파인애플,korean,pineapple
k@,th~ok@i,토끼,korean,rabbit
s@,kh~op@uLs@o,코뿔소,korean,rhino
s@,s@aL,쌀,korean,rice
p@,p@uri,뿌리,korean,root
s@,s@y~iat.,씨앗,korean,seed
t@,t@a^aLgi,딸기,korean,strawberry
th~,th~Eguk.,태국,korean,thailand
th~,th~omath~o,토마토,korean,tomato
EE,txy~h~E^Esh~o,채소,korean,vegetable
txYh~,kyUqtxy~h~i,경치,korean,view
GOOD,a_wato^matS,āhuatomatl,nahuatl,acorn
GOOD,e'e_^katS,ehēcatl,nahuatl,air/wind
GOOD,a_skatS,azcatl,nahuatl,ant
GOOD,txi_kw~a'tSi,chīcuahtli,nahuatl,barn owl
GOOD,txiki^witS,chiquihuitl,nahuatl,basket
GOOD,a_moxtSi,amoxtli,nahuatl,book
GOOD,kaxitS,caxitl,nahuatl,bowl
GOOD,kaka^watS,cacahuatl,nahuatl,cacao/cacao bean
GOOD,petSasoSko_^atS,petlazolcōātl,nahuatl,centipede
GOOD,txokola_tS,chocolātl,nahuatl,chocolate
GOOD,ko^yo_tS,coyōtl,nahuatl,coyote
GOOD,a'we^txtSi,ahhuechtli,nahuatl,dew
GOOD,a_ma^aitS,āmāitl,nahuatl,estuary
',ha'tSi,tahtli,nahuatl,father
GOOD,i_koxkw~a+^witS,hīcoxcuahuitl,nahuatl,fig tree
GOOD,siwakonetS,cihuaconetl,nahuatl,girl
GOOD,txa+_^ntSi,chāntli,nahuatl,home
GOOD,witsilin,huitzilin,nahuatl,hummingbird
GOOD,o_se^elo_tS,ocelotl,nahuatl,jaguar
GOOD,osoma+^'tSi,ozomahtli,nahuatl,monkey
GOOD,ma_^tSatS,mātlatl,nahuatl,net
GOOD,a_tSa_katS,ātlācatl,nahuatl,person made of water
GOOD,a_ka^xitS,ācaxitl,nahuatl,pool
GOOD,a_'ka^tSan,ācatlan,nahuatl,reed bed
GOOD,we_^yatS,huēyātl,nahuatl,sea/ocean
GOOD,epatS,epatl,nahuatl,skunk
GOOD,ko_^atS,coatl,nahuatl,snake
GOOD,sepayawitS,cepayahuitl,nahuatl,snow
GOOD,na_^watS,nāhuatl,nahuatl,something having a clear and pleasant sound
GOOD,almi^kki,ahmicqui,nahuatl,something immortal
GOOD,kw~i_^katS,cuīcatl,nahuatl,song
',bIna+_',binááʼ,navajo,acorn
GOOD,nI+Stx!I-,níłchʼi,navajo,air/breeze
tS!,th~a+tS'IId,tátłʼid,navajo,algae
GOOD,txo-_S,jooł,navajo,ball
GOOD,txh~a_',chaaʼ,navajo,beaver
GOOD,sI-s,sis,navajo,belt
ts!,ts!In,tsʼin,navajo,bone
tS!,atS!a+_h,atłʼááh,navajo,bottom
GOOD,tx!o#-x,chʼosh,navajo,bug
GOOD,txh~I-tI+,chidí,navajo,car
o+,mo+sI+,mósí,navajo,cat
i&+,aSnI&+_',ałnį́į́ʼ,navajo,center
e+_,e+_',ééʼ,navajo,clothing
a&+_,ta&+_',dą́ą́ʼ,navajo,corn
GOOD,na-_ta&+_',naadą́ą́ʼ,navajo,corn
a&,ndIk!a&',ndikʼąʼ,navajo,cotton
a+a,ka+a,gáa,navajo,crow caw
t!,Ino+t!a+_h,inótʼááh,navajo,deception
e+e+,tse+_h,dzééh,navajo,elk
GOOD,kHo&-',kǫʼ,navajo,fire
S,So+_',łóóʼ,navajo,fish
tx!,tx!aS,chʼał,navajo,frog
GOOD,yE+'i-_tsh~oH,yéʼiitsoh,navajo,giant
GOOD,tS!I+zI+,tłʼízí,navajo,goat
GOOD,tx'ah,chʼah,navajo,headwear
a&_,ba&_s,bąąs,navajo,hoop
GOOD,tHI-n,tin,navajo,ice/frost
GOOD,kh~E+ya-h,kéyah,navajo,land/country
GOOD,ya+_j,yáázh,navajo,little
GOOD,na+xto+I+,náshdóí,navajo,lynx
I&_,I&_'a&'I_,įįʼąʼii,navajo,magpie
GOOD,txI-x,jish,navajo,medicine pouch
GOOD,na-_ye+_',naayééʼ,navajo,monster/foreign god
GOOD,tE_th~E_l,deeteel,navajo,moose
ts!,ts!I+'I_,tsʼíʼii,navajo,mosquito
a+,ama+,amá,navajo,mother
S,hoStx'I+'I+,hołchʼíʼí,navajo,nettle
i&+,a+txh~I&+_h,áchį́į́h,navajo,nose
a&+,sa&+,są́,navajo,old age
e+i+,hak!e+I+,hakʼéí,navajo,one's kin
e+e+,he+_S,hééł,navajo,package
I&+I&+,SI&+_',łį́į́ʼ,navajo,pet
o&,to+kho&'I+,tókǫʼí,navajo,petroleum
S,IS,ił,navajo,pine needle
e+,Se+'e+tsoh,łéʼétsoh,navajo,rat
S,th~e_S,teeł,navajo,reed
GOOD,tsh~E+,tsé,navajo,rock/stone
tS!,tS'o+_S,tłʼóół,navajo,rope (chord)
o&+,ak!o&+_',akʼǫ́ǫ́ʼ,navajo,seed
GOOD,tIpe+,dibé,navajo,sheep (animal)
a+,ya+,yá,navajo,sky
a&,aka&_zIz,agąąziz,navajo,sleeve (of garment)
I+I+,txh~I+_l,chííl,navajo,snowstorm
a_,wa_',waaʼ,navajo,spinach
a&,ta&,dą,navajo,spring (season)
o&,so&',sǫʼ,navajo,star
',I'I+_'a&+,iʼííʼą́,navajo,sunset
a&+_,xa&+_',shą́ą́ʼ,navajo,sunshine
S,Sij,łizh,navajo,urine
GOOD,th~e+_h,tééh,navajo,valley
GOOD,tx!I-l,chʼil,navajo,vegetation
GOOD,SI-ko-i-_,łigaii,navajo,white (color)
GOOD,nI-Stxh~I-_s,niłchiis,navajo,wolverine
o&+,txa+tI+tlo&+'II,jádídlǫ́ʼii,navajo,wren (bird)
o&,tI+_k!o&x,dííkʼǫsh,navajo,yeast
GOOD,ba#XtU,børste,norwegian (bokmal),a brush
GOOD,h~ye_le,kjele,norwegian (bokmal),a cooking vessel
GOOD,h~yu_lU,kjole,norwegian (bokmal),a dress
GOOD,h~yEmpU,kjempe,norwegian (bokmal),a giant
GOOD,h~yEp,kjepp,norwegian (bokmal),a large stick
GOOD,h~yA_^NU,kjerne,norwegian (bokmal),a nucleus
GOOD,abbo#rru_sU,abborruse,norwegian (bokmal),a perch fish trap
GOOD,fRo_tU,flåte,norwegian (bokmal),a raft
GOOD,akXunA_r,aksjonær,norwegian (bokmal),a shareholder
GOOD,bUse#_^k,besøk,norwegian (bokmal),a visit
GOOD,bra#n,brønn,norwegian (bokmal),a well
GOOD,kVInU,kvinne,norwegian (bokmal),a woman
ny~,e#_ny~,ørn,norwegian (bokmal),an eagle
a#i#,a#i#,øy,norwegian (bokmal),an island
a#,a#l,øl,norwegian (bokmal),beer
GOOD,fye#_l,fjøl,norwegian (bokmal),board
GOOD,bre#_,brød,norwegian (bokmal),bread
GOOD,h~yEmi_,kjemi,norwegian (bokmal),chemistry
GOOD,h~yi#^llIq,kylling,norwegian (bokmal),chick (baby chicken)
GOOD,h~yukk,tjukk,norwegian (bokmal),chubby
GOOD,h~i#st,kyst,norwegian (bokmal),coast (shoreline)
GOOD,kRa_gU,klage,norwegian (bokmal),complaint
GOOD,tEh~kk,dekk,norwegian (bokmal),deck (nautical)
GOOD,gra#nnt,grønt,norwegian (bokmal),green
GOOD,li#ke,lykke,norwegian (bokmal),happiness
GOOD,h~ya#n,kjønn,norwegian (bokmal),kind/species
GOOD,h~yA_LIhe_t,kjærlighet,norwegian (bokmal),love
GOOD,fyA_re,fjære,norwegian (bokmal),low tide
GOOD,h~ya#t,kjøtt,norwegian (bokmal),meat
GOOD,se#vn,søvn,norwegian (bokmal),sleep (state)
GOOD,h~ye#_lU,kjøle,norwegian (bokmal),to cool
GOOD,h~yi#sU,kysse,norwegian (bokmal),to kiss
GOOD,h~yE^nnU,kjenne,norwegian (bokmal),to know
GOOD,da#i#VU,døyve,norwegian (bokmal),to placate
GOOD,'di#_Vo_t,dyvåt,norwegian (bokmal),very wet
S,aSmuS,alhmulh,nuxalk,beads
k!,k!aKa_si,k'aqaasi,nuxalk,crow
H,Hala,xala,nuxalk,fern
K!,HaHaK!,xaxaq',nuxalk,goose
ts!,Hits!lh,xits'lh,nuxalk,metal (iron)
k!,eqk!p!ts,ank'pts,nuxalk,mouse
kw!,kw!ni,kw'ni,nuxalk,seal (animal)
S,Sm,lhm,nuxalk,to stand
Kw!,asaKw!s,asaqw's,nuxalk,water (bottom)
GOOD,pXEs,przez,polish,across
GOOD,JEmyExy~lny~i^tXi#,rzemieślniczy,polish,artisans
GOOD,pyE^qkni#,piękny,polish,beautiful
GOOD,HXo#u&wXtX,chrząszcz,polish,beetle
GOOD,jy~djy~bwo#,źdźbło,polish,blade (botany)
GOOD,pXi#ya^txy~El,przyjaciel,polish,close friend
GOOD,dJvi,drzwi,polish,door
GOOD,ftXExy~ny~E,wcześnie,polish,early
GOOD,fXi#stko#,wszystko,polish,everything
GOOD,tsudzo#jy~E^myEts,cudzoziemiec,polish,foreigner
GOOD,tXtE^ri#,cztery,polish,four
GOOD,fspany~alE,wspaniale,polish,great
GOOD,bEzvzglE^ndni#,bezwzględny,polish,harsh/merciless
GOOD,tXExy~txy~,cześć,polish,hello
GOOD,tXwo#vyEk,człowiek,polish,human
GOOD,XtXEny~xy~txy~E,szczęście,polish,luck/happiness
GOOD,nastE^mpstfo#,następstwo,polish,precedence
GOOD,kxy~Eu&wJny~i^tXka,księżniczka,polish,princess
GOOD,Xtutxy~Ets,sztuciec,polish,sheath to hold tools
GOOD,XExy~sEt,sześćset,polish,six hundred
GOOD,gdjy~Exy~,gdzieś,polish,somewhere
GOOD,fkruttsE,wkrótce,polish,soon
GOOD,pXEstXEny~,przestrzeń,polish,space (area)
GOOD,ftxy~o#u&wX,wciąż,polish,still (motionless)
GOOD,tXi#,trzy,polish,three
GOOD,bi#txy~,być,polish,to be
GOOD,ko#Ji#^statxy~,korzystać,polish,to benefit
GOOD,sHXanyatxy~,schrzaniać,polish,to botch
GOOD,stXi#^XtXatxy~,sczyszczać,polish,to clean up
GOOD,pXi#Ho#^djy~itxy~,przychodzić,polish,to come
GOOD,znalExy~txy~,znaleźć,polish,to find
GOOD,ixy~txy~,iść,polish,to go/walk
GOOD,swi#Xi#X,słyszysz,polish,to hear
GOOD,zdyo#ny~txy~,zdjąć,polish,to remove
GOOD,vidjy~Etxy~,widzieć,polish,to see
GOOD,stXi#ts,strzyc,polish,to shear/cut
GOOD,vjy~o#ny~txy~,wziąć,polish,to take/grab
GOOD,sHludjy~itxy~,schludzić,polish,to tidy up
GOOD,Htxy~Etxy~,chcieć,polish,to want
GOOD,djy~ixy~,dziś,polish,today
GOOD,fto#^rEk,wtorek,polish,tuesday
GOOD,ti#^djy~Eny~,tydzień,polish,week
GOOD,Juwtxy~,żółć,polish,yellow
GOOD,ftXo#ray,wczoraj,polish,yesterday
vy~,zvy~ery~,зверь,russian,animal
ty~,pty~i^tsU,пти́ца,russian,bird
e#,ry~Iby~e#^nUk,ребёнок,russian,child
my~,my~asU,мя́со,russian,flesh
vy~,tsvy~Ito^k,цвето́к,russian,flower
vy~,vy~Iry~O^fkU,верёвка,russian,rope (chord)
sy~,sy~emy~U,се́мя,russian,seed
J,koJU,ко́жа,russian,skin
my~,zmy~Iya^,змея́,russian,snake
hv,hvost,хвост,russian,tail
my~,smy~IXattsU,смешаться,russian,to blend
ny~,Utmy~Iny~A^ty~,отменя́ть,russian,to cancel
J,Oha^Ji#vUty~,ухаживать,russian,to care
my~,kUmy~Iny~ty~i^rUvUty~,комментировать,russian,to comment
ny~,pUny~Ima^ty~,понимать,russian,to comprehend
ry~,rUssma^try~IvUty~,рассматривать,russian,to consider
dy~,dy~ImUnstry~i^rUvUty~,демонстрировать,russian,to demonstrate
ny~,dUkOmy~Iny~ty~i^rUvUty~,документировать,russian,to document
ny~,sUmny~Iva^ttsU,сомневаться,russian,to doubt
txy~,my~Itxy~ta^ty~,мечтать,russian,to dream
my~,zUtmy~Iva^ty~,затмевать,russian,to eclipse
ty~,rUssmatry~e^ty~,рассмотре́ть,russian,to examine
h,vi#di#ha^ty~,выдыхать,russian,to exhale
dy~,nUhUdy~i^ty~,находить,russian,to find
dy~,pUthUdy~i^ty~,подходить,russian,to fit
hy~,fspi#^hy~IvUty~,вспыхивать,russian,to flash
ry~,pry~IdOsma^try~IvUty~,предусматривать,russian,to foresee
ry~,hmury~ItsU,хмуриться,russian,to frown
ny~,UhrUny~A^ty~,охраня́ть,russian,to guard
ty~,pUmaga^ty~,помогать,russian,to help
lG~,OlG~OtXXa^ty~,улучша́ть,russian,to improve
X,vmy~eXi#vUtsU,вме́шиваться,russian,to interfere
lG~,pry~IglG~UXa^ty~,приглаша́ть,russian,to invite
X,XOty~i^ty~,шутить,russian,to joke
lG~,slG~u^XUty~,слу́шать,russian,to listen
txy~,Utmy~Itxy~A^Ty~,отмечать,russian,to mark
vy~,sUvy~IrXE^nstvUvUt,совершенствовать,russian,to master
X,smy~e^Xi#vUty~,смешивать,russian,to mix
ny~,zUtOma^ny~IvUty~,затуманивать,russian,to obscure
by~,Oby~IJda^ty~,убеждать,russian,to persuade
J,nUgrUmUJda^ty~,нагромождать,russian,to pile up
J,sUJa^ty~,сажать,russian,to plant
J,IzUbrUJa^ty~,изображать,russian,to portray
J,nUJi#ma^Ty~,нажимать,russian,to press
J,OvUJa^ty~,уважать,russian,to respect
J,nUgrUJda^ty~,награждать,russian,to reward
h,vzdi#haty~,вздыхать,russian,to sigh
sy~,sy~ty~ImOly~i^rUvUty~,стимулировать,russian,to stimulate
my~,my~I^nA^ty~,менять,russian,to swap
ky~,Xi#roky~Iy,широ́кий,russian,wide
i#,kri#lyo,крыло́,russian,wing
J,JE^ny~xyInU,же́нщина,russian,woman
txy~,txy~erfy~,червь,russian,worm
ia,ian,eun,scottish gaelic,bird
a&,kh~ra&_v,cnàmh,scottish gaelic,bone
ly~,lye^nUv,leanabh,scottish gaelic,child
u_,su_l,sùil,scottish gaelic,eye
ly~,kh~O^ly~U,coille,scottish gaelic,forest
ky~h,ky~haun,ceann,scottish gaelic,head
ry~,kh~ry~iU,cridhe,scottish gaelic,heart
OU,O^Urk,adharc,scottish gaelic,horn
ly~,tOly~ak,duilleag,scottish gaelic,leaf
ry~,ma^ahUry~,màthair,scottish gaelic,mother
O_,krO_v,craobh,scottish gaelic,tree
rr,garra,garra,spanish,claw
e,kore^gto,correcto,spanish,correct
rr,perro,perro,spanish,dog
rr,zorro,zorro,spanish,fox
e,tye^rra,tierra,spanish,land
e,korreo,correo,spanish,mail
rr,arroz,arroz,spanish,rice
e,torre,torre,spanish,tower
m,mhe^qga,mhenga,swahili,ancestor
m,mfu^ko#,mfuko,swahili,bag/purse
m,mka^nda,mkanda,swahili,belt
GOOD,ndEg?E,ndege,swahili,bird
m,mdjE^nzi,mjenzi,swahili,builder
n,nda^ma,ndama,swahili,calf
m,mgo#^mbea,mgombea,swahili,candidate
q,qgwe^na,ngwena,swahili,crocodile
m,mbiliki^mo#,mbilikimo,swahili,dwarf
q,qgu^mi,ngumi,swahili,fist
m,mba^be,mbabe,swahili,hero
m,mra^di,mradi,swahili,project
n,ndu^gu,ndugu,swahili,relative
m,mtxu^zi,mchuzi,swahili,sauce
q,qge,nge,swahili,scorpion
m,mbayuwa^yu,mbayuwayu,swahili,swallow (bird species)
m,mna^ra,mnara,swahili,tower
m,mtaza^mo,mtazamo,swahili,viewpoint
q,qgi^ri,ngiri,swahili,warthog
m,mxi^ndi,mshindi,swahili,winner (one who wins)
p*,p*go-o,ʘgòõ,taa,caterpillar
p*,p*a-a,ʘàa,taa,child
p*,p*no&+o,ʘnó̰õ,taa,large louse
p*,p*'a+a,ʘ'áa,taa,to burn
GOOD,'oVVa_maI,ஒவ்வாமை,tamil,allergy
GOOD,'akkuL,அக்குள்,tamil,armpit
N,vaNTu,வண்டு,tamil,beetle
GOOD,koLVanaI,கொள்வனை,tamil,borrowing
GOOD,roTTi,ரொட்டி,tamil,bread
GOOD,lany~djy~am,லஞ்சம்,tamil,bribe
TT,paTTa_mbu_ttxy~i,பட்டாம்பூச்சி,tamil,butterfly
TT,'oTTagam,ஒட்டகம்,tamil,camel
GOOD,many~djy~aLmuLLaqgi,மஞ்சள்முள்ளங்கி,tamil,carrot
GOOD,na_rka_li,நாற்காலி,tamil,chair
GOOD,VaTTam,வட்டம்,tamil,circle/halo
GOOD,menVeLLi,மென்வெள்ளி,tamil,cobalt
GOOD,tu_ny~,தூண்,tamil,column
txy~,pany~txy~u,பஞ்சு,tamil,cotton
N,naNDu,நண்டு,tamil,crab
GOOD,'iruL,இருள்,tamil,dark
GOOD,puLLi,புள்ளி,tamil,dot/point
GOOD,maTpa_NDam,மட்பாண்டம்,tamil,earthen vessel
TT,muTTaI,முட்டை,tamil,eggs
GOOD,'akka_L,அக்காள்,tamil,elder sister
GOOD,minnany~djy~al,மின்னஞ்சல்,tamil,email
N,kaN,கண்,tamil,eye
GOOD,mi_nVe_TTaI,மீன்வேட்டை,tamil,fishing
X,puXpam,புஷ்பம்,tamil,flower
GOOD,pu_NDu,பூண்டு,tamil,garlic
txy~,iny~txy~i,இஞ்சி,tamil,ginger
GOOD,paNDabada_rttam,பண்டபதார்த்தம்,tamil,goods
GOOD,'aruL,அருள்,tamil,grace
GOOD,'urugo_L,உறுகோள்,tamil,happening
X,txy~ando_Xam,சந்தோஷம்,tamil,happiness
GOOD,maNDaI,மண்டை,tamil,head
GOOD,ma_Npu,மாண்பு,tamil,honor
GOOD,me_TTimaI,மேட்டிமை,tamil,leadership
GOOD,ni_NDa_yam,நீண்டாயம்,tamil,length
u#,'idau#,இதழ்,tamil,lip
GOOD,tiqgaL,திங்கள்,tamil,month
GOOD,taLLaI,தள்ளை,tamil,mother
GOOD,'iyarkaI,இயற்கை,tamil,nature
GOOD,putta_NDu,புத்தாண்டு,tamil,new year
GOOD,'onpadu,ஒன்பது,tamil,nine
GOOD,Veqga_yam,வெங்காயம்,tamil,onion
GOOD,'uLLaqgaI,உள்ளங்கை,tamil,palm (hand)
GOOD,manny~aI,மஞ்ஞை,tamil,peacock
X,ViXam,விஷம்,tamil,poison
LL,muLLaqgi,முள்ளங்கி,tamil,radish
GOOD,muTtxy~eVVandi,முட்செவ்வந்தி,tamil,rose
LL,paLLikku_Dam,பள்ளிக்கூடம்,tamil,school
L,te_L,தேள்,tamil,scorpion
TT,txy~aTTaI,சட்டை,tamil,shirt
N,puN,புண்,tamil,sore
GOOD,kaLLam,கள்ளம்,tamil,stealth
GOOD,pisaNDam,பிசண்டம்,tamil,stomach
txy~,txy~arkkaraI,சர்க்கரை,tamil,sugar
L,va_L,வாள்,tamil,sword
GOOD,koLkaI,கொள்கை,tamil,taking
GOOD,'a_siriyar,ஆசிரியர்,tamil,teacher
GOOD,naTtxy~attiramaNDalam,நட்சத்திரமண்டலம்,tamil,the starry heavens
GOOD,txy~eVVi,செவ்வி,tamil,time
GOOD,to_NDu,தோண்டு,tamil,to dig
GOOD,miny~djy~u,மிஞ்சு,tamil,to exceed
GOOD,'aLLu,அள்ளு,tamil,to gather
GOOD,paLLatta_kku,பள்ளத்தாக்கு,tamil,valley
GOOD,puNiyam,புண்ணியம்,tamil,virtue
GOOD,toDNan,தொண்டன்,tamil,volunteer
NN,taNNi_r,தண்ணீர்,tamil,water
djy~,many~djy~aL,மஞ்சள்,tamil,yellow
o#+_o#++,no#+_o#++y,น้อย,thai,a few
GOOD,ma++_a--k.,มาก,thai,a lot
','oq,องก์,thai,act
i-i--,ka-a--ti-i--ka_,กติกา,thai,agreement
kh,th~a+a++t.sa-a--na+a++kha+a++ti-i--',ทัศนคติ,thai,attitude
o#,bo#n,บอล,thai,ball
GOOD,mi--_i--i+,หมี,thai,bear
u--u--a+,su--u--a+y,สวย,thai,beautiful
a-a--,ka-a--t.,กัด,thai,bite
a-a--,ka-a--y,ไก่,thai,chicken
GOOD,me++_e--k.,เมฆ,thai,cloud
a_,ma_,มา,thai,come
txy~h~,txy~h~a-a--nu--a+n,ฉนวน,thai,corridor
u_,pu_,ปู,thai,crab
o#--_o#--o#+,mo#--_o#--o#+,หมอ,thai,doctor
a--a--a+,ma--_a--a+,หมา,thai,dog
a,klay,ไกล,thai,far
i--i--i+,ji--i--i+q,หญิง,thai,female
f,fay,ไฟ,thai,fire
a-_a--,pa-_a--,ป่า,thai,forest
o--o--o+,ph~o--o--o+nla+a++ma+_a++y,ผลไม้,thai,fruit
u+a++,ru+a++,รั้ว,thai,gate
o-o--,ka-a--no-o--k.,กนก,thai,gold
i_,di_,ดี,thai,good
u-u--,pu-_u--,ปู่,thai,grandpa
u-u--,su-u--k.,สุข,thai,happy
kh,kh~a+a++rO+O++ha-a--,คฤห,thai,home
o#+_o#++n,ro#+_o#++n,ร้อน,thai,hot
a++_a--,ba++_a--n,บ้าน,thai,house
t.,ko-o--t.,กฎ,thai,inscription
a-a--,kh~a-a--w,เข่า,thai,knee
u+_u++,ru+_u++,รู้,thai,know
O+O++,ph~O+O++ndin,พื้นดิน,thai,land
a+_a++,bayma+_a++y,ใบไม้,thai,leaf
a+a++,ra+a++k.,รัก,thai,love
O-a--,sO-a--,เสื่อ,thai,mat
a+a++,la+a++n,ล้าน,thai,million
txy~,txy~an,พระจันทร์,thai,moon
a--a--a+,ph~u_kh~a--a--a+w,ภูเขา,thai,mountain
a--a--a+,na--a--a+q,หนัง,thai,movie
a-a--,ma-a--y,ใหม่,thai,new
a--_a--a+,la--_a--a+n,หลาน,thai,niece/nephew
o--o--o+,fo--o--o+n,ฝน,thai,rain
a++_a--,kh~a++_a--w,ข้าว,thai,rice
i-_i--,mi-_i--,หมี่,thai,rice noodle
a+a++,th~a+a++lee,ทะเล,thai,sea
e+e++,ma+a++le+e++t.,เมล็ด,thai,seed
a+_a++,kh~a+_a++,ค้า,thai,sell
O++a--,sO++a--,เสื้อ,thai,shirt
i++a--,ti++a--,เตี้ย,thai,short
i--i--i+,ph~i--i--i+w,ผิว,thai,skin
o#+o#++,th~o#+o#++qfa+a++,ท้องฟ้า,thai,sky
e+e++,le+e++k.,เล็ก,thai,small
i,din,ดิน,thai,soil
u++_u--,ph~u++_u--t.,พูด,thai,speak
th,th~o#++o#--ykham,ถ้อยคำ,thai,speech
a_,da_w,ดาว,thai,star
o#++_o#--,ko#++_o#--nhi--i--i+n,ก้อนหิน,thai,stone
ia,rian,เรียน,thai,study
i+i++,'aath~i+i++t.,พระอาทิตย์,thai,sun
o+o++,to+o++',โต๊ะ,thai,table
a++_a--,txy~h~a++_a--q,ช่าง,thai,technician
i+i++,kh~i+i++t.,คิด,thai,think
txy~h~,txy~h~u++a--,ชั่ว,thai,time
i-a--,pli-a--n,เปลี่ยน,thai,to change
o#+o#++,lo#+o#++,ล้อ,thai,to copy
a++a--,kh~a++a--w,เข้า,thai,to enter
th~,th~am,ทำ,thai,to make
u_,du_,ดู,thai,to see
a+a++,txy~h~a+a++y,ใช้,thai,to use
a-_a--,ya-_a--k.,อยาก,thai,to want
a+_a++,to++o--nma+_a++y,ต้นไม้,thai,tree
a+a++,na+a++m,น้ำ,thai,water
k.,kra-a--ti-i--k.,กระติก,thai,water jug
a--_a--a+,kh~a--_a--a+w,ขาว,thai,white
O--O--a+,lO--O--a+q,เหลือง,thai,yellow
a++a--,txy~h~a++a--y,ใช่,thai,yes
o#+_o#++,no#+_o#++q,น้อง,thai,younger sibling
GOOD,so++o++pa++a++,སོ་པ,tibetan,a scout
GOOD,na--a,ན,tibetan,age
GOOD,th~u++u++k.,ཐུགས,tibetan,attitude
GOOD,ph~o++o++lo++o++,པོ་ལོ,tibetan,ball
GOOD,txy~h~a--a,བྱ,tibetan,bird
GOOD,te--ewa++a++,བདེ་བ,tibetan,bliss
GOOD,te--ele++e--,བདེ་ལེགས,tibetan,bliss and happiness
GOOD,ku++u++,སྐུ,tibetan,body/statue
GOOD,th~e--ee-p.,དེབ,tibetan,book
GOOD,ma--_a,མར,tibetan,butter
GOOD,txy~h~e++e++ma++a++le++e--p.,ཕྱེ་མ་ལེབ,tibetan,butterfly
GOOD,mo--oTXa++a--,མོ་ཊ,tibetan,car
GOOD,txy~h~o++o++tsh~e#++_e#--,ཆུ་ཚོད,tibetan,clock
GOOD,TXi&++i&++,སྤྲིན,tibetan,cloud
GOOD,ph~E++_E++kE++_E--,ཕལ་སྐད,tibetan,colloquial language
GOOD,ma++a++qTXe#++_e#--,དམངས་ཁྲོད,tibetan,common folk
GOOD,ny~i++i++qtxy~e,སྙིང་རྗེ,tibetan,compassion
GOOD,txy~h~a--amtse++e--,བྱམས་བརྩེ,tibetan,compassion
GOOD,ti#--_i#i#-,བདུད,tibetan,demon
GOOD,to--oqTXe,གདོན་འདྲེ,tibetan,demon/ghost
GOOD,to--_otxy~e++e++,རྡོ་རྗེ,tibetan,diamond
GOOD,nE--_EE-,ནད,tibetan,disease
GOOD,ky~h~i++i++,ཁྱི,tibetan,dog
GOOD,ko--o,སྒོ,tibetan,door
GOOD,ky~ay,ཚེག,tibetan,dot/point
GOOD,mE&++E&++,སྨན,tibetan,drug/medicine
GOOD,th~a++a++la++a++,ཐལ་བ,tibetan,dust
GOOD,sa++a++,ས,tibetan,earth
GOOD,tsi#&++i#&++TXi#++_i#--,བརྩོན་འགྲུས,tibetan,effort
GOOD,xy~i--iq,ཞིང,tibetan,field
GOOD,me--e,མེ,tibetan,fire
GOOD,ny~a--a,ཉ,tibetan,fish
GOOD,th~a++a++q,ཐང,tibetan,flatlands
GOOD,to++o++,ལྟོ,tibetan,food
GOOD,na--aa-,ནགས,tibetan,forest
GOOD,wa++_a++mo--o,ཝ་མོ,tibetan,fox
GOOD,sE++_E--,སད,tibetan,frost
GOOD,TXE--_EE-,འབྲས,tibetan,fruit
GOOD,Sa++a++,ལྷ,tibetan,god/diety
GOOD,ta++a++msaq,གཏམ་བཟང,tibetan,good news
GOOD,ki#&--i#&TXu++u++m,རྒུན་འབྲུམ,tibetan,grape
GOOD,ko--o,མགོ,tibetan,head
GOOD,ny~i++i++q,སྙིང,tibetan,heart/mind/essence
GOOD,kh~a++a++qpa++a++,ཁང་པ,tibetan,house
GOOD,mi--i,མི,tibetan,human being
GOOD,xy~i&--i&i&-,བཞིན,tibetan,image
GOOD,nE++_E++txy~i#_,གནས་ཚུལ,tibetan,information
GOOD,no--_ou#-kE_,ནོར་སྐལ,tibetan,inheritance
GOOD,na--aq,ནང,tibetan,interior
GOOD,txy~a++a--,ལྕགས,tibetan,iron
GOOD,tsh~o++o++,མཚོ,tibetan,lake
GOOD,kE++_E--,སྐད,tibetan,language/speech
GOOD,txy~o--oo-q,ལྗོངས,tibetan,large valley
GOOD,tsh~o++o++wa,འཚོ་བ,tibetan,life
GOOD,'e#--_e#e#-,འོད,tibetan,light
GOOD,se++e++q,སེང,tibetan,lion
GOOD,tsh~i++i++Ji++i--q,ཚེ་རིང,tibetan,longevity
GOOD,li#--i#--i#i#-,ལུད,tibetan,manure/fertilizer
GOOD,txy~e++e++,རྗེ,tibetan,master/lord
GOOD,ta++a++,རྟ,tibetan,melody
GOOD,'o--oma++a++,འོ་མ,tibetan,milk
GOOD,lo++o++,བློ,tibetan,mind/awareness
GOOD,me--elo++o++q,མེ་ལོང,tibetan,mirror
GOOD,ta--awa++a++,ཟླ་བ,tibetan,moon
GOOD,Ji--i,རི,tibetan,mountain
GOOD,tsi++i++tsi++i++,ཙི་ཙི,tibetan,mouse/rat
GOOD,mi--iq,མིང,tibetan,name
GOOD,na++a++,སྣ,tibetan,nose
GOOD,txy~h~i++i++,ཕྱི,tibetan,outside/exterior
GOOD,pi++_u#++,པིར,tibetan,paintbrush
GOOD,txy~h~a++a++,ཆ,tibetan,pair/couple
GOOD,la--am,ལམ,tibetan,path
GOOD,li--i,ལི,tibetan,pear
GOOD,yi#--_i#,ཡུལ,tibetan,place/area
GOOD,txy~a++a++k.la+a+m,ལྕགས་ལམ,tibetan,railroad
GOOD,txy~h~a++_a++pa++a++,ཆར་པ,tibetan,rain
GOOD,txy~a--a,འཇའ,tibetan,rainbow
GOOD,ke#&++e#&++TXh~o++o--k.,དཀོན་མཆོག,tibetan,rare jewel/god
GOOD,txy~h~e#++_e#--,ཆོས,tibetan,religion
GOOD,qe#&++e#&++txy~e#++_e#--,མངོན་བརྗོད,tibetan,rhetoric/metaphor
GOOD,ky~E--_EJU++U--p.,རྒྱལ་རབས,tibetan,royal lineage
GOOD,tsh~a++a++,ཚྭ,tibetan,salt
GOOD,pu++u++ti++i++,པོ་ཏི,tibetan,scripture
GOOD,ta--a,བརྡ,tibetan,sign/signal
GOOD,th~a--_u#,དར,tibetan,silk
GOOD,Je--e,རེ,tibetan,single
GOOD,na++a++m,གནམ,tibetan,sky
GOOD,TXi#--_i#,སྦྲུལ,tibetan,snake
GOOD,yi--itsi++i--,ཡི་ཙི,tibetan,soap
GOOD,ph~u--u,བུ,tibetan,son/child
GOOD,la++a++,བླ,tibetan,soul/spirit
GOOD,TXa--a,སྒྲ,tibetan,sound
GOOD,th~u++u++k.pU++U++,ཐུག་པ,tibetan,soup
GOOD,So++o++,ལྷོ,tibetan,south
GOOD,ka++a++Ja++a++,ཀ་ར,tibetan,sugar
GOOD,sE--_EE-,ཟས,tibetan,sustenance
GOOD,qi#++_i#++,རྔུལ,tibetan,sweat
GOOD,txy~h~a--alo++o++,ཇ་ལོ,tibetan,tea leaf
GOOD,ka++a++,བཀའ,tibetan,teaching
GOOD,TXh~i++i++,ཁྲི,tibetan,ten thousand
GOOD,so--oo-,བཟོ,tibetan,to make
GOOD,TXu--ukE++_E--ky~a--aa-,འབྲུག་སྐད་རྒྱག,tibetan,to thunder
GOOD,TXh~i--i,འབྲི,tibetan,to write/draw
GOOD,th~u--uu-,དུག,tibetan,toxin
GOOD,Ji--ili++i++,རི་ལི,tibetan,train
GOOD,Ji&--i&txy~h~e&++e&++,རིན་ཆེན,tibetan,treasure/valuable
GOOD,yu++u++,གཡུ,tibetan,turquoise gemstone
GOOD,ta+a+ta++a--q,ལྟ་སྟངས,tibetan,view/viewpoint
GOOD,txy~h~u++u++,ཆུ,tibetan,water/river
GOOD,nU++U++mxy~i++i--,གནམ་གཤིས,tibetan,weather/climate
GOOD,nu--uu-,ནུབ,tibetan,west
GOOD,kh~o++o++lo++o++,འཁོར་ལོ,tibetan,wheel
GOOD,ph~i#--_i#i#-me++_e--,བུད་མེད,tibetan,woman
GOOD,ph~E--_E,བལ,tibetan,wool
GOOD,tsh~i++i--,ཚིག,tibetan,word/phrase
GOOD,lo--o,ལོ,tibetan,year
aa+,'b?aa+p.,bắp,vietnamese,a blossom
GOOD,'b?a_a--q,bảng,vietnamese,a board
d?,'d?aaa-',đạn,vietnamese,a bullet
i-U--,'d?i-U--,đìa,vietnamese,a pond
o#o#-,'d?o#o#-t.',đọt,vietnamese,a sprout
GOOD,tuU--y,tuổi,vietnamese,age
GOOD,ho#o#--y,hỏi,vietnamese,ask
GOOD,'b?iU--n,biển,vietnamese,beach
i,txy~im,chim,vietnamese,bird
t.,'b?iit.,bit,vietnamese,bit (computing)
GOOD,noo--,nổ,vietnamese,boom
oo-,hoo-p.',hộp,vietnamese,box
U,txy~Uw,trâu,vietnamese,buffalo
o#o#-,'b?o#o#-',bọ,vietnamese,bug
aa-,'b?aa-wkp.',bọc,vietnamese,bundle
GOOD,'b?UU-n',bận,vietnamese,busy
i#U+,'b?i#U+m,bướm,vietnamese,buterfly
GOOD,hwii--,huỷ,vietnamese,cancle
GOOD,Ga-_a--,gà,vietnamese,chicken
Uy,mUy,mây,vietnamese,cloud
q,qoo,ngô,vietnamese,corn
d?,'d?aam,đam,vietnamese,crab
aa+,kaa+t.,cắt,vietnamese,cut
a-a--,qa-a--y,ngày,vietnamese,day
aa+,swaa+,xoá,vietnamese,delete
o#o#+,txy~o#o#+,chó,vietnamese,dog
GOOD,ta_a--y,tải,vietnamese,download
GOOD,vE+q~E++,vẽ,vietnamese,draw
uU+,'uU+q,uống,vietnamese,drink
a,'an,ăn,vietnamese,eat
GOOD,qa+_q~a++,ngã,vietnamese,fall
GOOD,kwa_a-t.',quạt,vietnamese,fan
GOOD,ni#+q~i#++,nữ,vietnamese,female
i,fim,phim,vietnamese,film
U-U--,'b?U-U--y,bầy,vietnamese,flock
GOOD,'b?a_a-n',bạn,vietnamese,friend
GOOD,kwi+q~i++,quỹ,vietnamese,fund
GOOD,to#o#--y,tỏi,vietnamese,garlic
i,'d?i,đi,vietnamese,go
a-a--,va-_a--q,vàng,vietnamese,gold
Uw,'Uwqm,ông,vietnamese,grandfather
a-a--,'b?a-a--,bà,vietnamese,grandmother
U-U--,'d?U-U--w,đầu,vietnamese,head
aa-,naa-q',nặng,vietnamese,heavy
GOOD,'aa--yq,ảnh,vietnamese,image
GOOD,la+_q~a++y,lãi,vietnamese,interest
GOOD,zi#+q~i#++,giữ,vietnamese,keep
aa,zaaw,dao,vietnamese,knife
i#-U--,ki#-U--y,cười,vietnamese,laught
aa+,'b?aa+w,báo,vietnamese,leopard
GOOD,lo+q~o++,lỗ,vietnamese,loss
E+E++,zE+E++Q,dẽ,vietnamese,lumpy
a-a--,swa-_a--y,xoài,vietnamese,mango
o#o#-,ho#o#-p',họp,vietnamese,meeting
i-U--,ti-U--n,tiền,vietnamese,money
EE-,mEE-',mẹ,vietnamese,mother
uu+,nuu+y,núi,vietnamese,mountain
GOOD,txy~uU-t.',chuột,vietnamese,mouse
E-E--,txy~E-E--w,chèo,vietnamese,oar
GOOD,ku+q~u++,cũ,vietnamese,old
U-U--,txy~U-U--w,chầu,vietnamese,party
UUy,txy~UUy,chơi,vietnamese,play
GOOD,fa_a-t.',phạt,vietnamese,punish
a-a--,fa-a--wqm,phòng,vietnamese,room
GOOD,'b?aa--y,bảy,vietnamese,seven
GOOD,'b?a+_a++y,bãi,vietnamese,shore
ii-,txy~ii-',chị,vietnamese,sister
aa+,vaa+y,váy,vietnamese,skirt
o#o#+,no#o#+y,nói,vietnamese,speak
UU-,'b?UU-k.',bậc,vietnamese,stair step
GOOD,'b?a+_a++wQ,bão,vietnamese,storm
GOOD,'a_a+w,áo,vietnamese,t-shirt
a-a--,'b?a-_a--n,bàn,vietnamese,table
iU--,'b?iU--w,biểu,vietnamese,table of data
E-E--,txy~E-E--,chè,vietnamese,tea
GOOD,qi+q~i++,nghĩ,vietnamese,think
iU+,'b?iU+w,biếu,vietnamese,to cordially give
EE--,'d?EE--,đẻ,vietnamese,to give birth to
o#+o#++,'b?o#+o#++,bó,vietnamese,to pack
a-a--,za-a--yq,dành,vietnamese,to reserve for
GOOD,li#+q~U++,lưỡi,vietnamese,tounge
Uy,kUy,cây,vietnamese,tree
GOOD,th~i#i#--,thử,vietnamese,try
aa+,'b?aa+yq,bánh,vietnamese,vaguely defined term
GOOD,sa+_q~a++,xã,vietnamese,village
U-U--,txy~U-_U--,chờ,vietnamese,wait
i#U+,ni#U+k.,nước,vietnamese,water
UU+,'b?UU+k.,bấc,vietnamese,wick
h~r,h~risgl,rhisgl,welsh,bark (of tree)
a,plant,plant,welsh,child
S,SU^gad,llygad,welsh,eye
ph~,ph~Usko#d,pysgod,welsh,fish
o#,tro#id,troed,welsh,foot
i#,fruui#c,ffrwyth,welsh,fruit
S,gweeSd,gwellt,welsh,grass
O,trOm,trwm,welsh,heavy
h~r,h~raf,rhaff,welsh,rope
c,saic,saith,welsh,seven
H,HweH,chwech,welsh,six
S,So#sd,llost,welsh,tail
S,SaaS,llall,welsh,the other
w,gwraig,gwraig,welsh,wife
GOOD,k!l*olisa,xolisa,xhosa,apologize
GOOD,ih~gt*h~isa,igcisa,xhosa,artist
GOOD,iql*h~o#wa,ingxowa,xhosa,bag
GOOD,iqd*h~o#ndo#,ingqondo,xhosa,brain
GOOD,k!l*akEka,xakeka,xhosa,busy
GOOD,k!t*o#k!t*a,coca,xhosa,clean
d*h~,iqd*h~ele,ingqele,xhosa,cold
GOOD,kt*h~aza,chaza,xhosa,comb
GOOD,uql*ibElElwano#,unxibelelwano,xhosa,communication
l*,iq!l*ath~aq!l*ath~a,inkxathankxatha,xhosa,complex/complicated
GOOD,k!d*o#bo#,qobo,xhosa,concrete/actual
GOOD,iq!t*ubEko#,inkcubeko,xhosa,culture
GOOD,isih~gd*h~ibo#,isigqibo,xhosa,decision
GOOD,qt*iphisa,nciphisa,xhosa,do less
GOOD,h~gd*h~iHa,gqirha,xhosa,doctor
GOOD,ql*iba,nxiba,xhosa,dress
d*h~,ukukd*h~uba,ukuqhuba,xhosa,drive/push
l*h~,ukukl*h~uluza,ukuxhuluza,xhosa,epileptic
GOOD,k!t*ak!t*isa,cacisa,xhosa,explain
GOOD,kd*h~ElEkilE,qhelekile,xhosa,familiar
d*,gd*iba,gqiba,xhosa,finish
GOOD,k!l*olEla,xolela,xhosa,forgive
GOOD,isikd*h~amo#,isiqhamo,xhosa,fruit
t*h~,iqt*h~a,ingca,xhosa,grass
GOOD,umkhEq!t*E,umkhenkce,xhosa,ice
GOOD,iqt*h~aqa,ingcanga,xhosa,idea
GOOD,iq!t*ukukth~a,inkcukucha,xhosa,information
GOOD,ukuqd*amlEza,ukunqamleza,xhosa,intersect
GOOD,iqd*h~ayi,ingqayi,xhosa,jar
t*,gt*ina,gcina,xhosa,keep/save
d*,q!d*oq!d*oza,nkqonkqoza,xhosa,knock
GOOD,h~gd*h~ibEla,gqibela,xhosa,last
GOOD,qt*inanE,ncinane,xhosa,minor
l*,iql*ina,inxina,xhosa,mint
GOOD,iqt*h~o#qt*h~o#ni,ingcongconi,xhosa,mosquito
GOOD,xEql*a,shenxa,xhosa,move
l*h~,iql*h~olo,ingxolo,xhosa,noise
GOOD,umqd*uma,umnquma,xhosa,olive
GOOD,kd*h~a,qha,xhosa,only
t*,iqt*iniba,inciniba,xhosa,ostrich
GOOD,isih~gl*h~ina,isigxina,xhosa,permanent
GOOD,k!t*ak!t*ilE,cacile,xhosa,plain/clear
t*,k!t*Ela,cela,xhosa,please
GOOD,kt*h~ubEkilEyo#,chubekileyo,xhosa,polite
GOOD,iql*izElElo#,inxizelelo,xhosa,pressure
GOOD,iqt*h~aphEphE,ingcaphephe,xhosa,professional
d*,qd*abile,nqabile,xhosa,rare
GOOD,iqd*h~Exo,ingqesho,xhosa,rent
GOOD,h~gl*h~o#tha,gxotha,xhosa,repel
GOOD,iql*h~Elo#,ingxelo,xhosa,report
GOOD,amakl*h~Egwazana,amaxhegwazana,xhosa,seniors
GOOD,isikl*h~Enk!l*E,isixhenxe,xhosa,seven
GOOD,qd*anawa,nqanawa,xhosa,ship
l*,igl*alaba,igxalaba,xhosa,shoulder
GOOD,k!t*ula,cula,xhosa,sing
GOOD,qt*iqt*i,ncinci,xhosa,small/young
GOOD,kt*h~itha,chitha,xhosa,spend
GOOD,isih~gt*h~awu,isigcawu,xhosa,spider
GOOD,k!d*ala,qala,xhosa,start
t*,iq!t*asa,inkcasa,xhosa,taste
GOOD,k!l*ElEla,xelela,xhosa,tell
GOOD,k!t*iqa,cinga,xhosa,think
GOOD,iqt*h~iqa,ingcinga,xhosa,thought
l*,ik!l*Exa,ixesha,xhosa,time
GOOD,isikl*h~o#bo#,isixhobo,xhosa,tool
t*h~,k!t*h~ukumisa,chukumisa,xhosa,touch
GOOD,qt*h~ayisEla,ngcayisela,xhosa,trap
GOOD,k!d*iniso#,qiniso,xhosa,truth
GOOD,guk!d*ula,guqula,xhosa,turn
d*,k!d*o#nda,qonda,xhosa,understand
GOOD,iql*h~amisEkilE,ingxamisekile,xhosa,urgent
GOOD,iql*agu,inxagu,xhosa,warthog
GOOD,iql*h~ah~gl*h~asi,ingxagxasi,xhosa,waterfall
GOOD,a-la+ka+la-a+,àlákálàá,yoruba,a dream
GOOD,gbogbo,gbogbo,yoruba,all/everything
GOOD,akpa+,apá,yoruba,arm
GOOD,abi-yE+,abìyẹ́,yoruba,bird
GOOD,ile+elE-,iléelẹ̀,yoruba,bungalow
GOOD,a-i-bi-ki+ta-,àìbìkítà,yoruba,carelessness
GOOD,a-ya-,àyà,yoruba,chest (body)
GOOD,e-e+ka&+na&+,èékánná,yoruba,claw
GOOD,odju+,ojú,yoruba,eye
GOOD,Ebi+,ẹbí,yoruba,family
GOOD,obi&-ri&,obìnrin,yoruba,female
GOOD,a-rE-mo#&,àrẹ̀mọ,yoruba,first born child
GOOD,E-bi+,ẹ̀bí,yoruba,giving childbirth
GOOD,o#lo#+ru&,ọlọ́run,yoruba,god
GOOD,alE-,alẹ̀,yoruba,land
GOOD,gbE-du,gbẹ̀du,yoruba,large drum
GOOD,o#ku&-ri&,ọkùnrin,yoruba,male
GOOD,alE+,alẹ́,yoruba,night
GOOD,no#+qba-,nọmba,yoruba,number
GOOD,a-lu-bo#+sa-,àlùbọ́sà,yoruba,onion
GOOD,EyEle+,ẹyẹlé,yoruba,pidgeon
GOOD,agba+ra,agbára,yoruba,power
GOOD,i-ta&,ìtan,yoruba,relation
GOOD,o#ro#-,ọrọ̀,yoruba,riches
GOOD,a-kpa+,àpá,yoruba,scar
GOOD,a-lu-mo#&+ga-dji+,àlùmọ́gàjí,yoruba,scissors
GOOD,ba-ta-,bàtà,yoruba,shoe
GOOD,i-ta&-,ìtàn,yoruba,story
GOOD,abo+a-ru&-yi+,abóòrùnyí,yoruba,sunflower
GOOD,a-ko+ko-,àkókò,yoruba,time
GOOD,hE&gw~a-,hẹngwà,yoruba,to be beautiful
GOOD,djE&-na&-,jẹ̀nnà,yoruba,to be far
GOOD,fE-,fẹ̀,yoruba,to be successful/prosperous
GOOD,fE+,fẹ́,yoruba,to desire
GOOD,gbo#.gbE+,gbọgbẹ́,yoruba,to receive an injury
GOOD,omi&,omi,yoruba,water
GOOD,aja,aya,yoruba,wife
GOOD,o#-ro#-,ọ̀rọ̀,yoruba,word
GOOD,o#&du&+,odún,yoruba,year
S,i+i+iSaaSa,ī́hlahla,zulu,branch (of a tree)
g?,isiphiig?a,isíphika,zulu,cape (garment)
Z,umbiiZi,uḿbhidli,zulu,celebration
g?,i+i+ihhoog?o,ī́hhoko,zulu,chicken coup
S,i+isiiSa+a,ísihlá,zulu,cluster
l*,i+i+i-l*u+u+u-g?u,îxûku,zulu,crowd
l*,u+u+ugl*h~a,ū́gxa,zulu,digging stick
l*,i+i+iql*h~i,íngxi,zulu,dirt
t*,i+i+i-t*i+i+it*i,îcíci,zulu,earring
b?,u+ub?u+u+b?i+i,úbubí,zulu,evil
t*,i+iqt*aazo,íncazo,zulu,explanation
g?,u+u+ug?udo+o+o-b?a,úkudôba,zulu,fishing
d*,i+i+igd*h~uub?u+u,ī́gqubú,zulu,grudge
hh,u+uhha+a+afu,úhháfu,zulu,half
hh,i+i-hho+olo,îhhólo,zulu,hall
Z,isa+a+anZa,isándla,zulu,hand
d*,i+iqd*hhuumbi,íngqumbi,zulu,heap
d*,i+i+i-d*h~a+a+awe,îqháwe,zulu,hero
Z,i+i+inZu,índlu,zulu,house
d*,u+u+u-gd*h~o+o+o-zi,ûgqôzi,zulu,inspiration
t*,i+i+it*h~iib?i+i,ī́chibí,zulu,lake
Z,i+i+iZaag?a,ī́dlaká,zulu,loincloth
l*,i+i+il*h~iib?a,ī́xhiba,zulu,makeshift hut
t*,i+iqt*h~oosa,íngcosa,zulu,meat
b?,i+i+i-b?i+i+i-zo,îbîzo,zulu,name
l*,u+u+ul*oolo,ū́xolo,zulu,peace
t*,i+i+i-t*e+e+eb?o,îcébo,zulu,plan of action or method
S,u+u+uSu,ū́hlu,zulu,ripple
Z,i+i+i-bu+u+u-Za,îbhûdla,zulu,scar
b?,i+i-sifu+u+u-b?a,ísifûba,zulu,secret
t*,i+i+it*aala+a,ī́calá,zulu,side
d*,isi+i+igd*h~i,isígqi,zulu,sound of footsteps
b?,u+ub?umto+o+o-ti,úbumtôti,zulu,sweetness
b?,i+i+i-du+u+ub?e,îdúbe,zulu,zebra
GOOD,lG~a_H,lách,irish (munster),pleasant/sweet
GOOD,mG~arG~ka_^ly~,marcáil,irish (munster),to mark
GOOD,tG~e_^sG~HnG~o_,taoschnó,irish (munster),doughnut
GOOD,tG~nG~a&_h,tnáith,irish (munster),to fatigue
GOOD,uUgy~Iny~UH,uaigneach,irish (munster),lonely
GOOD,xky~i#rG~d,sciurd,irish (munster),to scamper
GOOD,dy~e_nG~,déan,irish (munster),to do
GOOD,dG~a^dy~i_,daidí,irish (munster),daddy (childish)
GOOD,fG~o_gUry~,fógair,irish (munster),to proclaim
GOOD,pG~a_lG~a_^sG~,pálás,irish (munster),palace
GOOD,pG~a_py~e_^rG~,páipéar,irish (munster),paper
GOOD,i^ny~UltG~o_ry~,innealtóir,irish (munster),engineer
GOOD,hOi#ad,hwyad,welsh,duck (bird)
GOOD,gwla_d,gwlad,welsh,country/nation
GOOD,h~ri#cro#,rhuthro,welsh,to rush/hurry
GOOD,h~rEdi#n,rhedyn,welsh,ferns
GOOD,h~rU^vEC,rhyfedd,welsh,strange/odd
GOOD,h~lavar,llafar,welsh,vocal
GOOD,h~li_v,llif,welsh,saw (tool)
GOOD,h~lI^ni#n,llinyn,welsh,string/cord
GOOD,h~li#uH,lluwch,welsh,snowdrift/snow dust
GOOD,h~lo#gEh~l,llogell,welsh,pocket
GOOD,h~le_ti_gar,lletygar,welsh,hospitable
GOOD,glaswEh~ld,glaswellt,welsh,grass
GOOD,fy~ag,feadh,irish (munster),length
GOOD,ly~e_ny~U,léine,irish (munster),shirt
GOOD,lG~o#Ha_nG~,lochán,irish (munster),pond
GOOD,sG~a_vG~a_^ly~,sábháil,irish (munster),to save
GOOD,'a-lk!a+la-mi+_,àlƙalàmī,hausa,pen
,efˈʃaʁ,אֶפְשַׁר,hebrew,possible
,(ʔ)arˈmon,אַרְמוֹן,hebrew,palace
GOOD,'aveda^,אבדה,hebrew,a loss
GOOD,'avado^n,אבדון,hebrew,destruction/devastation/ruin/doom
GOOD,'abahu^t,אבהות,hebrew,fatherhood/paternity
GOOD,'evu^s,אבוס,hebrew,manger/feeding trough
GOOD,'avza^m,אבזם,hebrew,buckle (of a belt)
GOOD,'avnEt,אבנט,hebrew,sash
GOOD,aga^m,אגם,hebrew,lake/pool
GOOD,'aha^v,אהב,hebrew,to love
GOOD,ahava^,אהבה,hebrew,love/affection
GOOD,'ovda^n,אובדן,hebrew,ruin/destruction
GOOD,oye^v,אויב,hebrew,enemy
GOOD,o#Gga^zma,אורגזמה,hebrew,orgasm
GOOD,o#Gigami,אוריגמי,hebrew,origami
GOOD,'ot,אות,hebrew,signomen
GOOD,azhara^,אזהרה,hebrew,warning
GOOD,'izme^l,אזמל,hebrew,knife/scalpel
GOOD,'eHa^d,אחד,hebrew,(Judaism) the Oneness of God
GOOD,aHdu^t,אחדות,hebrew,unity
GOOD,aHo#^t,אחות,hebrew,sister
GOOD,aHa^z,אחז,hebrew,to hold
GOOD,'aHyani^t,אחיינית,hebrew,niece
GOOD,atmo#sfEGa,אטמוספירה,hebrew,atmosphere
GOOD,'ibe^d,איבד,hebrew,to waste/lose/forfeit/destroy
GOOD,eva^,איבה,hebrew,hostility/enmity/hatred.
GOOD,'ibu^d,איבוד,hebrew,loss
GOOD,'en,אין,hebrew,nothing
GOOD,'ix,איש,hebrew,man/adult male human being.
GOOD,elo^a,אלוה,hebrew,A god.
GOOD,'amad,אמד,hebrew,to evaluate/to estimate
GOOD,emuna^,אמונה,hebrew,faith
GOOD,Ento#mo#lo#^gya,אנטומולוגיה,hebrew,entomology
GOOD,'ani^,אני,hebrew,ego
GOOD,Entsiklo#pE^dya,אנציקלופדיה,hebrew,encyclopedia
GOOD,astGofi^zika,אסטרופיזיקה,hebrew,astrophysics
GOOD,'etsba^'~,אצבע,hebrew,(anatomy) finger
GOOD,aGo^n,ארון,hebrew,cupboard/closet/cabinet
GOOD,aGaHno#fo#^bya,ארכנופוביה,hebrew,arachnophobia
GOOD,'armo^n,ארמון,hebrew,palace
GOOD,e^Gets,ארץ,hebrew,country/land
GOOD,'aGa^G,ארר,hebrew,to execrate/to bitterly curse
GOOD,'E^xEH,אשך,hebrew,testicle
GOOD,axma^,אשמה,hebrew,blame/fault
GOOD,axpa^,אשפה,hebrew,garbage
GOOD,ba^wliq,באולינג,hebrew,bowling (the game)
GOOD,behema^,בהמה,hebrew,beast/animal (usually domesticated)/livestock
GOOD,baHu^ts,בחוץ,hebrew,outside
GOOD,baHu^r,בחור,hebrew,guy/boy
GOOD,baHa^G,בחר,hebrew,to choose/to opt/to select
GOOD,bite^',ביטא,hebrew,to pronounce a word
GOOD,bitu^aH,ביטוח,hebrew,insurance
GOOD,be^ygel,בייגל,hebrew,bagel
GOOD,balu^t,בלוט,hebrew,acorn
GOOD,pGi,פרי,hebrew,fruit
GOOD,mada^'~,מדע,hebrew,science
GOOD,nixba^'~,נשבע,hebrew,to swear/to promise
GOOD,'~ana^n,ענן,hebrew,a cloud
GOOD,xki'~a^,שקיעה,hebrew,sunset
GOOD,tapu^aH,תפוח,hebrew,apple
